e51e5b1c749bd4720f49b6ee52c19247.jpg,1,613
f2e79b8754614705c57f14c6185e73c6.jpg,1,613
3de7c10be932c1272cdbe54d664c292a.jpg,1,613
2caf856cf50232b34cce9e92cbaa942e.jpg,1,613
88844e62f5d6e5cf46f5d09cc57338db.jpg,1,613
211ae4086b3d23f42fe286f23c3f6cb1.jpg,1,613
4c70a0b3aabd4020c8c33f55d87ab9ab.jpg,1,613
b8af889066b9dcd1871fb459524c5230.jpg,1,613
11cd6ededc2133b0e48f396cb8dcc427.jpg,0,988
fc02854a06e921d0e1d901cf6cbc93c9.jpg,0,988
36180a5bd7ad49138c19ae9385d0798e.jpg,0,988
16fb951da454d329fb8391bdcd73fd7b.jpg,0,988
7ea5ea3b2cad972fc3c18106defe1195.jpg,0,988
7afe1d0f1b0ae0c197134c9c4fe7fe51.jpg,0,988
ee8f1ece5f0e2e457207903aa9823cc9.jpg,0,988
e12e09a219ae630871d5daa62baafa1d.jpg,0,988
da072c2a0decb5e3ddaad35092c7caf0.jpg,0,988
142226ccd6bae02fde5d174983a7ef80.jpg,0,988
5f0f810eb287c921836d570026c0ea27.jpg,0,988
529b46296f767b2b176f95200cab5772.jpg,0,988
5aed63ba80549a2a3e07fb5aae28355c.jpg,0,988
57210fb8f42d15f51fd8efd7dedea5d8.jpg,0,988
6bd4735e8c10c0460ea09f2e14f8720c.jpg,0,988
95e4bdb4b0ac663ebe462b3b84b4958a.jpg,0,988
05f1f2c3a612d8f8a43d59ff9133a3e1.jpg,0,988
708dead1943ffbd07d8f9d17bc24c00c.jpg,0,988
e1abc744f4c1c30051104b87679d6f96.jpg,0,988
e3887c35482444e219f1cbd12c12efce.jpg,0,988
ff1f1aa81c5f9d6630b92531a46779fb.jpg,0,988
16426426aa8ad3ea8d0bb35631259020.jpg,0,988
f736b5cb225813ed0badbf7aa40a891d.jpg,0,988
351cda0067cc3b84c684641ea4c98bcc.jpg,0,988
500fadd2c79044503c44db7bd522ef4f.jpg,0,988
41233741b45413a502ecd92c2281851f.jpg,0,988
39d762329262ab55a0cf9779e65351ce.jpg,0,988
c361247e5369937e2315be1342d084e6.jpg,0,988
7b748d6f92d11dffba36fb80f30b3cfd.jpg,0,988
2e694165f1f25d6569cefc4734b51f7b.jpg,1,988
a4ac2da059687ecc2fae91563090f6ea.jpg,1,988
41d923dd395cf90d2ea1df73edf6d012.jpg,1,988
8585885c41d23eab46a043b89826499c.jpg,1,988
b7b0c17f1e40fad97c8ad7d41f5092e3.jpg,1,988
12403c15193eb79b5c861c4ddd633415.jpg,1,988
e07720040608a63fdd50d534f75fa67f.jpg,1,988
f216b222dcd4e8ecea707aa3f73fa0a7.jpg,1,988
3a331af8bda72836c264721fafb41e36.jpg,0,184
c3669796d67e50985461ad0d95645779.jpg,0,184
78388790fea7c7f4a8ea6631a26e9979.jpg,0,184
f78b98b3fde5118c930bdcc2dd76d3e4.jpg,0,184
6450a2f9030121f937abdf965f17c37b.jpg,0,184
4a4e643ece4c54d27c146cb4524cf668.jpg,0,184
82a0f2485e4e1577f55567da1792b2a0.jpg,0,184
19a1f29833c837092ba3eac09dfcf0cb.jpg,1,184
45cae1042d0a00398b304bcc9f542080.jpg,1,184
f26827a4dbf5a1774832956e88c00c8b.jpg,1,184
98ac2209655b0626662be3b17d17c472.jpg,1,184
8d3ef66510ede2449f9779f0cf7b0ffa.jpg,1,184
641e909be35f98fd2d8af06d731a2eaf.jpg,1,184
b63a524e18b0c78772daa22d4dbb91ba.jpg,1,184
cd880b1a15de68b9b1a9f4ec4439c86c.jpg,1,184
9c6bb20253e342fca5338837b493cd2b.jpg,1,184
41155c22671f675650b05b4ee00fd94b.jpg,1,184
47ebba0984c444e36774da1fc666db53.jpg,0,927
a8613c9d19d2b681b0d1a04b04b73235.jpg,0,927
92f90ff4d87e5a924dfefa179a1f3aff.jpg,0,927
5da512d69445397ed79fa10cc7c04851.jpg,0,927
d76631c4b5cdc074d31157a97b91c07a.jpg,0,927
4532d853d4d4c24bbd20a35fcc5b599b.jpg,0,927
1d5f096a74c18ef9c6ace910742bf1fc.jpg,0,927
e7503e569327a0fe4a2a1a4b2d3ad17b.jpg,0,927
454aa121298d4921deb1ea13eec2dd5e.jpg,0,927
afc7068bf61e3e9b44103f23b2316158.jpg,0,927
a7e146d4197f2d75bfd035574cb58525.jpg,0,927
5ec2c39f00d80ad6fd33530692212622.jpg,0,927
ce1ff08a679efeb2d0ada0c74e62cc51.jpg,0,927
dcaac5dfc1a97527637566dac4504afa.jpg,0,927
84dee50d3b4101729394d2a681ff43cf.jpg,0,927
48e5eb53356f5e875f60d74a0331f567.jpg,0,927
624e80694b87387a7526de6f921e1343.jpg,0,927
d7289f45df9ccb4353c74e36acdb2f11.jpg,0,927
8eead5b1fa363a03359c3870b7b401b6.jpg,0,927
1adc733617811c07d095c8e1c75c8ea2.jpg,0,927
b4f4ae0f1ba6066d913c2d908c16b177.jpg,0,927
9f1e46d1756bd88cdf5761519cc0fee5.jpg,0,927
714e3eadc6a1fb5116590a9acea82eb0.jpg,0,927
a76577b18f1647bac0877a09e9844b15.jpg,0,927
365a4831faee57a768c59f1946aede64.jpg,0,927
0e9c46e6928cfb50cc8788f8e4055afe.jpg,0,927
7bcc65ef53dd187902024adc0324f496.jpg,0,927
221eecead566e3305f7fbbcfc25c8e07.jpg,0,927
9015799d6d6f4d28eb0fa32f63e61a72.jpg,0,927
b1560465b272cad683a4575fcd1c57cf.jpg,1,927
d0cdf0b9b8b0841b172b0cf51bf29bb8.jpg,1,927
80b6f1898933f8f499e4b9342d98a72a.jpg,1,927
e62bab6f812054cdc9918a8ed9d8cf6b.jpg,1,927
46f656073dcde8817eef41839f86a4c3.jpg,1,927
e53c8c68af32eae37c4f668885eb0926.jpg,1,927
930c8e0a09d2c384daf2bc724a6c3fd2.jpg,1,927
fdc6919b0fb5d958a9a69483656b0f24.jpg,1,927
091555df04647a0eabfd4eab2c2932d6.jpg,1,927
373e9ab76e42fc8941e5a2315772abca.jpg,1,927
c50cf667ac375550c08b226756e15287.jpg,0,523
0888398257380cd6af0234d92456b88c.jpg,0,523
0ddb93dbea49397f296f6a16f4dbccd8.jpg,0,523
dbf48aac92357de43b1c5fcd12618139.jpg,0,523
37fe57a24be07b22155d5d12d251f066.jpg,0,523
f9611c9dfa156c3867acfed10370f6d1.jpg,1,523
5affa29264aefac4ce6d45ba5cb908bb.jpg,1,523
0c64a89ebe761713202b5fb915ce74a1.jpg,1,523
73755f83de52dcfc6820d0f2d33267f7.jpg,1,523
1926904c35e4e2c47e1677f1638f5822.jpg,1,523
887ac362425d15b07109915bf7640df3.jpg,1,523
215935cfbe4eaa1dd84ade26a3b24ab2.jpg,1,523
6cd3c710e0cc336ceeec8f342361314e.jpg,1,523
0533ba25a9f78bc2c70a9c5cb0d323ce.jpg,1,523
87aeeea79580989f57283321a9864840.jpg,1,523
1453dec4c3ec594877d2697c6f8e030a.jpg,0,933
25949b95c04250491e039006598bbabd.jpg,0,933
3c680a087527059959aeaf5eeff23034.jpg,0,933
6ab6f6eadf53608455c6152fe817f4f5.jpg,0,933
a50541fd6480a9deccbc8656fcab89e2.jpg,0,933
abf269d26940dfff89a20a6b2f1af9b6.jpg,0,933
a2efa3a74268436310f58635b934f81e.jpg,0,933
f17ebd6694cda5edd479432e1af9c240.jpg,0,933
def906e6bfa8f193dfaa946414a00fd1.jpg,0,933
6603d8398b4b8698b655a8a4a54b9326.jpg,0,933
90b7558eabe3a4c8dd959bc427a4b027.jpg,0,933
143edff3868cb522b1d91f50bd0157a9.jpg,0,933
002b7b7e77fd5800cc9d7cb01c1f4db1.jpg,0,933
b7ddb5a685fe06386fca671721a714dc.jpg,0,933
5b0f40d3949f05d7c00fa1f54dddd3d5.jpg,0,933
5bf9424e81667bb9fcb2b2596d45ba20.jpg,0,933
56f0119b8a9782d6434d03b0ed27d7df.jpg,0,933
c9dd75f06da52e0bac0d6a9dce380e09.jpg,0,933
ab71017fd34fc2e9bec5fde07dbe7b3e.jpg,0,933
8162ffdfa402fe5eca9603a7138a11d1.jpg,0,933
edcb8d844a0972157bf706142b775ffd.jpg,0,933
df4ae06605a8a12decdffffbe02edf9c.jpg,0,933
f7abcf802f97ee94af431dad0e9c62ad.jpg,0,933
da21d830598dc275b55a374bc93fa920.jpg,0,933
a82a3144f7ea28a78930908198a934ea.jpg,0,933
14bbf04a0017c99de22bb635cb77f4aa.jpg,0,933
0e185b0e135fffb82e7c66ac461f04c1.jpg,0,933
a3f3f19c276aa70cbf6c1cb535b49457.jpg,0,933
0b20c488ac68f960e345f3445333c017.jpg,0,933
e5f8b1280c64a58c30fe4d009f1b1d8a.jpg,0,933
126d6726bea3f0cb3e7e63ec736c3229.jpg,0,933
3a5962b8b1495118cf57722e394a1cdb.jpg,0,933
fdc408d5a7b7bd4ca0d7584df4b6ef5d.jpg,0,933
4a7a980f9933a65fb9455e3f68dacdde.jpg,0,933
074978d038e5647f44ef6c89e2d3638d.jpg,0,933
7bab3096069ede088280da9e493e702c.jpg,0,933
1b55c96b76b9d3b21e8a05b7d8aa0f8d.jpg,0,933
94196addb796612fb69fb37b7553879a.jpg,1,933
104dd6d22e12af9c23e6eacbf9c5698c.jpg,1,933
716826478704a0c33169f8a951f7f3a9.jpg,1,933
30f9a9945d6707d89e1cc07c218c8640.jpg,1,933
642bb7871cd0c190c4187997b2fa81fa.jpg,1,933
8ce37ae175220a6e84ff32fd5668f889.jpg,1,933
f83019717d34a1ec00851e1def63892a.jpg,1,933
efa895613746a14ea904bf93195f6c38.jpg,1,933
dfa9a237dd533ecd80b118624a4c9a90.jpg,1,933
52423521cae1d9652d674529fa357aed.jpg,1,933
937899cb4ef2b733f6907b19a2626b96.jpg,1,933
448f3a1b003d2b0dec86cf94a22dd8b8.jpg,1,933
818fb9ccd68875c7861a47649297d383.jpg,1,933
5cb3d571c21c82a4f519019b3b90651d.jpg,1,933
7416c3e01b5ce605052320e1e72f33b6.jpg,1,933
0cb995bfb77b119fd0efe7c2a54d5f4c.jpg,1,933
cb24b07abb95ffa2883421e390601664.jpg,1,933
66bf1d529439b001c94bd7111fe34a9a.jpg,1,933
05112b7eac1259333f41c6bcb5aa6b03.jpg,1,933
fbb474b7685b2379b4c5b669acab3f44.jpg,1,933
e2fc7dded8c8d2fe59a8adba5becc444.jpg,1,933
f4b803132d73cde32f1a0ffa41ce82cf.jpg,1,933
1f84d5d5f68fc2f3efc7beff8bc0c1cf.jpg,1,933
b3795bd7548a943f17cc8f6eb9ef5d21.jpg,1,933
bf5ba18b1d4d7569b7ad17163e3a93b2.jpg,1,933
9a36a4bd5b6ce85e75807ecf15e781f1.jpg,1,933
f0c73fe032afde5ee41e5053f8981afa.jpg,1,933
cb964b55952229d89c760a8131d708a8.jpg,1,933
86419146c4d94f4477eccc223d0c2739.jpg,1,933
d5dc6b7b12d9f4526a59f2fd30cd116c.jpg,1,933
6f412e1596b814178584889e919402a7.jpg,1,933
2a1fc2825749e1dcec47f913924b6f62.jpg,1,933
542b98a6ad569ff1ed9e386fe86c66b1.jpg,1,933
666f76dc84c93f23ec9d4adc558f50c3.jpg,1,933
5a212c4409d871b5a649ebfa3c2d958b.jpg,1,933
cd0b1bb69f6c7b69efa08407d7bf2052.jpg,1,933
2c75b921aaf45a714c228fcb17bf6061.jpg,1,933
c57c7650109a7f73441f35ae3d73ba91.jpg,1,933
5add8ed78b2f68bdf2ee4c44b12adb73.jpg,1,933
85b8880c5d745f90600d86cf4f70ec1e.jpg,1,933
5ff013354ea7ae25c01bea605471b5db.jpg,1,933
e6e97d79db9cff746fea091bef0233f8.jpg,1,933
1bdd24aa084426b4de35dc642b65ac4f.jpg,1,933
51b2d8297cb9656997e5c88ad12a07ff.jpg,1,933
009ceccba5b8fb682fcbeb6b8aab06e9.jpg,0,700
d47ea3b54a727447af6bed5558bd67bf.jpg,0,700
43eff362178ed01a6efb71ffd0af866f.jpg,0,700
7e05740904e73e5d0b0a8efe9177d20c.jpg,0,700
d20005d560a38b0c8bdbe2cfb3f798d3.jpg,0,700
a1463b63f30a10942a935e3dc67fc5f4.jpg,0,700
9728ac56ca9ba99b0ff818822cb93633.jpg,0,700
d2e6e58a9b7a6ed06cc89e31be6be6c7.jpg,0,700
c62e4556b1c3e722fa8e3e4e05ab0937.jpg,0,700
81638a03f5ac7ed334387c067296056b.jpg,1,700
a7e90426339cc0537f3c7b8db55f426a.jpg,1,700
6a05e3275bbc2baa379258ab0c4c6200.jpg,1,700
d5d7c269da979bed74cc08eea2ccb37a.jpg,1,700
6d3a5135d28aaa3ab91c8a9a27579ecb.jpg,1,700
1cd6b56baf3eaa917e39095bcb57ad53.jpg,1,700
f7537e24af8240ff817b0f6aaded8a49.jpg,1,700
99bbc017c06c5400b00095893802d7b0.jpg,1,700
b3faae35c946047a6597b1d4154611c0.jpg,1,700
025034106ff0257687b6e35890a1e318.jpg,1,700
088e7d8f7663f0a95cb0bb6a568eca36.jpg,0,353
d14d7d1d9edaea094b0a6875a10cf981.jpg,0,353
da4922fac0f7ec0f2d8797f02d6dd4cc.jpg,0,353
75efe96104127230017f874dccd6e3dd.jpg,0,353
970ef5e4f9911ad9dd52d963473e6e99.jpg,0,353
79efdb33880b7e332fa2cb5d19d065a7.jpg,0,353
8e2103f183bec8bdfec59499f98fbe93.jpg,1,353
e79f859a09d0b3cb51a277d615ebb5ae.jpg,1,353
7f79239468d61771a40f88f92eab3175.jpg,1,353
e6ad7eaf5b198d6f0495c581476abf4b.jpg,1,353
b22428507b090a8d2ff2fbf71d2cd0dc.jpg,1,353
52e5d10d1a6c370af9649afe6071ea21.jpg,1,353
630338414945824fd494efbfb72e0aa2.jpg,1,353
2cb40b1478294e2436e386a835d2ded2.jpg,1,353
558dcd576f10816f800b2f0554b555cc.jpg,1,353
2768fc2b9b26754dc31c8da50d9617b3.jpg,1,353
34125143e0c8ffefabf2d7cc612a9ac6.jpg,1,353
bf955a798334c1cbfe112a16b772bb9f.jpg,1,353
c830a647bd981c682989b1cecdb23c9d.jpg,1,353
77898c744b1fbbd164625fbff0df91f8.jpg,0,57
b59469bfe31424d5661eb72a2e0a9eb9.jpg,0,57
56198f07003dd82544dfcaf8dc31868e.jpg,0,57
5f292edd6d4afc868faab2b3b7fea56c.jpg,0,57
d1b653624e74fafb286fd02eb1fd82d0.jpg,0,57
b79f94a600449ada9ead307f70049df8.jpg,0,57
f681828e6a625c4beee9b0a979713fee.jpg,0,57
1f306039fedb9e53d890c9a0c661d0d7.jpg,0,57
c82bf57bffeb69528462169c73162f98.jpg,0,57
e4da84764843e5547d672e134a5a5d1f.jpg,1,57
e07b09b83d34d4e58d618e3ff35b3650.jpg,1,57
b90d6f7eacd07ffa995bd5ead9f6343d.jpg,1,57
35449d40a26a9d513087b29e1a097e80.jpg,1,57
67f219cdbeaecd3304da97144acfb4ff.jpg,1,57
862e61c42f2bb4c286c502289aa33bf5.jpg,1,57
d29c69b83bb8943d20ab0ff8ecdf289c.jpg,1,57
8b2232946541685534f6e23461dffd8b.jpg,1,57
16e212f29e9241e0644d036c8668c4c4.jpg,1,57
0b41ce074e43d29bbf560746dab27ec0.jpg,1,57
5269444eb03b08bb911ff7435ac79f19.jpg,1,57
72bb738a86df4bf8eebe4d371497e492.jpg,1,57
a9e9a950efe88e6778c89d930325a8c6.jpg,1,57
670bafbeee21bafac91933be50a873db.jpg,1,57
f0e07e11d859aee3df68b05b89ec784c.jpg,1,57
f351eb65eefc713e2192c142c4da199c.jpg,0,350
0da2952af5fc87ae199b1603ac8b1714.jpg,0,350
04c91cc2da423a4e2d5e3e91e804314d.jpg,0,350
b02715fc5ccd22f7d3ac279ca7f03900.jpg,0,350
ea58e2027634215901d7051ff2ccfe07.jpg,0,350
be8cc254915a7f75babf4ac40ee24072.jpg,1,350
136217b4e278714799a39fe7a2c32bce.jpg,1,350
be46d7cc199aa2d7c8c99f688761f7cc.jpg,1,350
67cc693c01d3bbe0b236cb19226e967a.jpg,1,350
f1d375a5a302322d6db2dc4e855941d5.jpg,1,350
7df0f4f7c4691e0202a4782ac7807e12.jpg,1,350
06357e3e0b6c2f86aba3f0babbe23349.jpg,1,350
55a67f3af6a9d3c0f4fa43476008d0e3.jpg,1,350
2be549f8341ffbdb2865723da2db65b9.jpg,1,350
aab848f44b827211235f3eeedbe0aa53.jpg,1,350
7e82b1455eeea31b925a19c82df19cf1.jpg,1,350
a530055638c46fc2113f755b69f28561.jpg,1,350
9033a2201481cd7a26220fb1f61cdce1.jpg,0,425
ec0d5d2410883568798552a6a0730a79.jpg,0,425
2472a9c3ef50921acc47d2d748c01712.jpg,0,425
61eb98107b5e479b37b5c56144addf96.jpg,0,425
e96ec1567d5c17ede72e6542968dde9c.jpg,0,425
d122678e156b12a3be524c3d3e1903d1.jpg,1,425
c769e21e6b7f6d9b2366d0a73f4e2b3e.jpg,1,425
47de07d3507d3d6223a8a6c3be170348.jpg,1,425
e9ab7a5187f14e4474d4bad3dd2eb999.jpg,1,425
113084e6b949eb9d9d2ecece1b5606b6.jpg,1,425
7c73c56020cc7fa363ab753f2eca206d.jpg,1,425
5dd31562db7dc0665ecdcb893a1c4c79.jpg,1,425
5002acee7a9558289e49994bf28e9209.jpg,1,425
604b7c9693f6c9b07bc58b1b295b6764.jpg,1,425
2432a16e14f6f866899e836501a38e7c.jpg,1,425
36596ad6deb044d691921344b00d84ee.jpg,1,425
bc8f32cc4e00dd778b67c29da2d7b43e.jpg,0,772
8321fc6b0917754b042918eab25f791b.jpg,0,772
49eab55b8ec2a93044121f7f89817cbf.jpg,0,772
6e6005a709f3cd48ce15731ea57ef4ea.jpg,0,772
f1725fc9da2ffe5e88517e5dc37ef582.jpg,0,772
b19749d93b8ec6fcb6d2977752b6ece9.jpg,0,772
73a3bdf1858cfe645f9da4a262f72d1c.jpg,0,772
55dacedfdd95f941dddbc37a83e28b82.jpg,0,772
06636822417b27b03079b7f569f70ec3.jpg,0,772
674986c6220ad302563aef4e6fffc870.jpg,1,772
d6d88e3368b07446c3abc8ce9569356b.jpg,1,772
072203f0f80f2f0850919af89fcddf1d.jpg,1,772
2cb4718eafefb22d48af1f4d98ec1960.jpg,1,772
8197a2e888cf061a2924199081270193.jpg,1,772
bb2043596755da817d91e77ee9f902f5.jpg,1,772
51af443fbfa01789a5c4d8b1de2152d3.jpg,1,772
6e0063cbeabcaa08b6cec237191757e4.jpg,1,772
4ac50103f138f47642a72bb8e908b08c.jpg,1,772
c234dfee35f4f3461ebef87fa354939d.jpg,1,772
03e8b3031940e2dbae05137f7125faed.jpg,1,772
150235051a541ea8cb221855fe2eb029.jpg,0,679
4335332e9a031040de9e35bc4b4f1637.jpg,0,679
cdf58b852b1fdfd74d03bdb33549367f.jpg,0,679
1c91dd6486cdfdb3763f4eadd7ea2fd1.jpg,0,679
31d9ba5c3cde2671b65100efedfa01e9.jpg,0,679
8e961e857d7ccb1cd0d8a4b1be19727f.jpg,0,679
e03121c52075c4dc51ef4d1c623fca40.jpg,1,679
c10a5fc8c555dde4b2161784443a872c.jpg,1,679
4480cf9935d02a0dbf85ff27afaefaf4.jpg,1,679
4820bc9b456ee4c538b8aba81c56c25a.jpg,1,679
6645223670efd40ecf4ed37a6e6879d9.jpg,1,679
3adc1295ca430d88ae2127be537605cc.jpg,1,679
7e5338bf660a3f4e56816ece6fac9283.jpg,1,679
f2a46d2054d098fe2bd10baeae658478.jpg,1,679
524423c2358f94d79dffb4b1f2ea1b7b.jpg,1,679
b9051ff4e53c2e96d13dde0ebd13cbe8.jpg,1,679
9593b93b46cd2e6bc8d514778edfd145.jpg,1,679
a5c4c262be70a9b1db6cc09d27e0fe09.jpg,1,679
27db6c14c48d18029e72cd565c184598.jpg,1,679
e2d89fbb4ee46a8c1f34ba73086e0b2b.jpg,1,679
af7b9c7503a32c189afdd1708e5cb009.jpg,1,679
a60d4e639fe78f1882691a0543d9eecd.jpg,1,679
438f4080248bfd8ca4744c5f11bf311d.jpg,1,679
2c08e71793a81692e68d0176611664de.jpg,0,616
6be65cbbc0c8200ce7d7fd3a377ce3c1.jpg,0,616
4f15b33c6149323db77a38170c09da1d.jpg,0,616
7ba382d4ea6b4530a386aa18922f3df4.jpg,0,616
202e3d8893ec7ae8c8f90a00cd2b3ce8.jpg,0,616
ac29a2e7e3274e3b8f67a3d3b2afc055.jpg,0,616
8b406f7cee9ecf601002c91d138e800c.jpg,0,616
b36265349faae0e20b4e05c92ae41acb.jpg,0,616
e194349801ab1d51635cf286037bb505.jpg,0,616
2e74a94f84ebfc17b354d3fc644c9f39.jpg,1,616
ed71c998c81d2e3fda9ae2570a427792.jpg,1,616
517f8c23fb2b5a320176970a722de019.jpg,1,616
6efb33b1c132b9689b6a4e7f742dcfff.jpg,1,616
c56f1c63905ea929e466ea78d8025cea.jpg,1,616
f033f79ec2bf629ac8e85167ff9ca773.jpg,1,616
cde67416108ecfab8ae6b1bf3b11e277.jpg,1,616
c87d8e2eb205dca0020a2f1df98ffdc7.jpg,1,616
f13e458ac09a50c6e2f2d8bde07a7150.jpg,1,616
6f080c9f0d8c5f3d4c50924884750f7e.jpg,1,616
d8589cf0acab9fbbe11e82b6aa1d75a8.jpg,1,616
4f5c2c9df599dfeac3c05674bb66dfa0.jpg,1,616
5a94b5df6a47c07bce5595afbcd0e348.jpg,1,616
7bffb0eb38a40aebafff4d6fc206273e.jpg,1,616
ad9c59f142bd204f53c7070b1845812b.jpg,1,616
370f107768dfa68dc8e19a9732d479d8.jpg,1,616
7d56f488cb1aa86a9499eabbb520e183.jpg,1,616
c7c147e32bc0f5cc6c11adc989594628.jpg,1,616
8d755fda42da9284d0f5b685ec4c0edd.jpg,1,616
275358bd0e06ab9db6ad030172271a0e.jpg,1,616
7fdd72241b0a7108d2b379d16eb3302c.jpg,1,616
e280a7b960c7adcdbafac8f1b340c1f1.jpg,1,616
3d0f4829533676314248110e2526027a.jpg,1,616
ccb332c671cf2aa86b3ed395eab3d935.jpg,1,616
8d48954406dbfbe0906ba12bc82ac90a.jpg,1,616
18099e98fa20a297c3647e51dc70928c.jpg,1,616
355f5c61680025433c0348e7d584ec44.jpg,1,616
5c3207251545c095b3a19ac28cda5043.jpg,1,616
397e05dda01a09e850bf2e1ee62c5e83.jpg,1,616
bc31b597421b88072f02c3dd4cae6139.jpg,1,616
818de2fdfdc6fedf31291d17bcd8c31a.jpg,1,616
b0a7bece7be1e0b30dafd648fc085c19.jpg,0,95
042e9fa4ecd07ab07c2918b17220abca.jpg,0,95
f4acb4aac3285828d66ce548640d4552.jpg,0,95
073478a8e06f4e33169fa43b54287d31.jpg,0,95
36bdf7fa6dbaae0803cd158595d40e9c.jpg,0,95
e70464e771bde31394394ac4e22b2f5b.jpg,0,95
285dcb2d8ceaee7629f7c95bddea9fc9.jpg,0,95
358b1334d93539832e4c60080083e325.jpg,0,95
fb0e9932c97323f23aede63891e76758.jpg,0,95
cefb801801224eb44da67f23ac22ccc1.jpg,0,95
c452f05bff76a39a66c8ac32dc9cf098.jpg,0,95
f8f9ccca084cb7d130f8288785098a10.jpg,0,95
2adf2310cce1d1163b5354bd4cc99897.jpg,0,95
b9b65257b0a6133998b51e966dfb7a36.jpg,0,95
06fddfae5211be90355f1c848bb07cad.jpg,0,95
0d9ca0326339c05c86c2e3dbc1e23b12.jpg,0,95
5981925d1e27b35808cb32b5d751151a.jpg,0,95
fa8b0715928e938e540199fbad4f7c1f.jpg,0,95
892d392720a9f62923bab83ed62dfa61.jpg,0,95
5b9d1b8fd27d3be989bbb7c5e05fbb1c.jpg,1,95
2e7d3e3f7d00f916b50194f0a4236462.jpg,1,95
722d6651db4087456772678d030c655c.jpg,1,95
e1df0310ae7e56bed89639a1314a6903.jpg,1,95
1401b9d6a1729fbafcdd90f4b904e611.jpg,1,95
fdefdf90fe9f1caf2f203530942fe8bc.jpg,1,95
04f40aa6eb0e5f2faa827db8cc3ac94e.jpg,1,95
3db4f38e85c2ca29d05a3f46042ef8cf.jpg,1,95
0540b67c68b91f85b588c0398c6788ec.jpg,1,95
658c482ad404a483a6db9dc862e3ec7c.jpg,1,95
0b2048c0b826fa8fa1233d6f9625e3e3.jpg,1,95
910b5592d294d16a373d92b2600f5aac.jpg,1,95
a2fd9fc3ba876a498da152cbb1aa350e.jpg,1,95
9ab3bc2b9aebb649535269975d5014e3.jpg,1,95
737ee1a571a6a756fb69c273306b9e8f.jpg,1,95
db034edfd5acd8c454e26c6c4c34249f.jpg,1,95
3a0841c04d37a519cd80ec38ed763d36.jpg,1,95
8fda2405e369213f32f4caab4e77f875.jpg,1,95
14a5257130db641da600857c333da15e.jpg,1,95
d0c1639b1ead53291e48579052486116.jpg,1,95
333fa8c70c8a0feca0e235a133b01dd9.jpg,1,95
f61d04d0edfe461e0643c16a7f0045f4.jpg,1,95
142846107bc77d03553aca68f821e76f.jpg,1,95
c51bbbe41ecc081ccf63fa9a2d7d7f74.jpg,1,95
ddb0e7d89d35c5115cb152d64b4746e0.jpg,1,95
4191014c4232df46dfc1d355598cddfe.jpg,1,95
cc9ad00b33518668ae5cf2d9b9a45cd7.jpg,1,95
73e578976fb4c4425abd82589db540f4.jpg,1,95
8991b94eaf1b5b734a906ea49dc25604.jpg,1,95
531c9e3f16327243e406de553436e57b.jpg,1,95
bbe7c20e989a72f93319381f04f61432.jpg,1,95
771ccb243dcf6eb3b2cc7a7edd797e3f.jpg,1,95
dc44071c1bf3de2bf151731c99112f62.jpg,1,95
8364002ed74408d77c063f627a5cef40.jpg,1,95
72f2c19f307875d0bcaa7e8bc880dff2.jpg,1,95
6b100ed8319f2e4206211e37b44f1588.jpg,1,95
fc98750996d084d4822e910add1e2371.jpg,1,95
470c7cfbb07f6d03c4ebd6625138a0f3.jpg,1,95
d3962351c4114a47202bbea26835e0d9.jpg,1,95
ceb8eda8f46b84b37a3f9af7c27dc2a4.jpg,1,95
47f0038f44e3f6cba805b3dabd14ceda.jpg,1,95
81db9ac0232d27a280310f5ba7c54f94.jpg,1,95
fad5863084e27deb84dd12788a4341c1.jpg,0,337
99e9f25b941cff63d5ce864023ba19ba.jpg,0,337
813ff4fb0c4258bdebdc838add7aa6a5.jpg,0,337
79e5890fb99a073985aa741f1fb170fa.jpg,0,337
2601bcd1a3067287fe008dad199249fd.jpg,0,337
8d472022b893cdc756c87358e053fa24.jpg,0,337
8416aa0d4153bd8e34a59a74a7509c33.jpg,0,337
216abed2f873ca27c3c3d1745667c8fa.jpg,0,337
9481a46662f5b9d400d6b4ff08542721.jpg,0,337
ee5f8a760a61fc85db8082d534955a94.jpg,0,337
90432f84df396550b490c98e98029cd7.jpg,0,337
5bebbbef7083e28c661f4cd0e3f4e4f3.jpg,0,337
830f2f170e336e248250d334c39e9b59.jpg,0,337
f2ec81b7d4872b77048f0baf1d0932ea.jpg,0,337
95c2e660a542ca61f01c201b3cdaf697.jpg,0,337
3deb2ffb5ad97827e22c745a7b0bf625.jpg,0,337
1e0ec55f8923ad19e0c44212d0529686.jpg,1,337
92ddac8ea63a9d9dda1a7739c8ccdddf.jpg,1,337
6736e91dabfae523bea2388b5bd2b7cb.jpg,1,337
0187adb763198d9980641b30edffb87d.jpg,1,337
d96e2ce5160ec0943ed8ce69c7df1d00.jpg,1,337
bb92f20e4ff4dddab7c8fc939c5721ed.jpg,1,337
1563ff1e8b52dfc17117e8008e72eb40.jpg,1,337
13ffe9f538438d1a0feb048d87b8eb9f.jpg,1,337
47e902e0b87e542555e53b06c85bfc89.jpg,1,337
23b50ac676f7bd50f523aa8bae903b40.jpg,1,337
b456bb4980e7b6c8c877dda02b7a07b2.jpg,1,337
d61ac86e4ff07d8090d04e441eff90ba.jpg,1,337
893a8e16b963e195dfaa6d1f8d19550d.jpg,1,337
e44f5394677b5a4230c040968e88bdce.jpg,0,923
badf5df79fa406fd99a5e1b1b992b96c.jpg,0,923
c301bb17cb9c5d10f1e726e5cd55ad0d.jpg,0,923
6232b7e9e7d81945b831e656c5a07128.jpg,0,923
c77a6ba179ff866cb5be601b17838888.jpg,0,923
92f5faf755f7cb1aece8d609f7936104.jpg,0,923
793b3102053d6b7ef1e1a2c96c55c36f.jpg,0,923
5b4d682e2eaa4d173b8d5e4e9a08d080.jpg,0,923
247ae252c6c87f2ea9fd04bbcbdcf22b.jpg,0,923
8f5f2a19dc7d1d3b51525a7d9699003d.jpg,0,923
75df8cb2271139a8ad2df7cbb57954b8.jpg,0,923
9209a1c209e19e0e87cbbfd85d02729b.jpg,0,923
861c1227c5e2320b6ca447ddda579670.jpg,0,923
de182993555f9d4bc974ea0a39245a5d.jpg,0,923
c7b21a59a4dae925d3d693a764b7f5f2.jpg,0,923
6fb006f1e2cb9133d0937ff4df215dda.jpg,0,923
44663bb5180b55df2414a53723c09ae8.jpg,0,923
b2ce3997d61de13232b714595eb75bab.jpg,0,923
70c8e528dadf8a5699b258f333e628fb.jpg,0,923
34fd92b331b289bebf5b1dd94b760f98.jpg,0,923
eebe4ff3c7bcca711ef8d0e79fb32c3e.jpg,0,923
91177972f6f5880bf15ca3d5ec002b0d.jpg,0,923
c7eb2afb39e06a360007e63e4be00974.jpg,0,923
33d34ff1dec388d91cde81c0fbefe9cc.jpg,0,923
745cd0b3cfb984b97bcd8c277c25b0bb.jpg,0,923
1853e0dec41f3d008c7325d33dd765d3.jpg,0,923
de1a8826b0886956d5378c7e3903a17d.jpg,0,923
6904efaf66ec3ed967a747c891388c29.jpg,0,923
397efe85b4d051b8aa3f3c97ce0094c8.jpg,0,923
ca377a3da2ac700fa90335a2899381dd.jpg,0,923
9e60047e402eef2ddd69ee50ed1f5522.jpg,0,923
1c6d0bf99b79761ba038a1d34570c078.jpg,0,923
223bb449066c7d1deda0f9df3b93d125.jpg,0,923
208e7d350471fb4cba30d4e64efee667.jpg,0,923
155e357fcdfb214f59b74014cc518d8e.jpg,0,923
f8270f74033aaeae6127cb20c93fccc1.jpg,0,923
8797eb163b61eef6de88f780f9290246.jpg,0,923
cb7087ef04e1d783e5392daee703e61e.jpg,0,923
a18ddc8572c4720a5a62ba947bac0c36.jpg,0,923
b4ed3b9ab116b56e63fb8ef4b136dd95.jpg,1,923
45e4b4b95ce846d779c9b59036797107.jpg,1,923
d9bc0519ce825c471f26942db3171d3c.jpg,1,923
b4dabdc3d523a21d620bff1db5bfb90a.jpg,1,923
3fe0f559fa3729d1cdff49ce9875c167.jpg,1,923
91385284b13d42288515363046778999.jpg,1,923
7814ce11130cf2dec04809afee022650.jpg,1,923
35db2f8aad161b1fdfdbe6c9c82384b6.jpg,1,923
7d2ebaad3836ee62f0715bb9a96b7010.jpg,1,923
ee82a7432c33d5f08324a1c6bf9e03f1.jpg,1,923
15d913bd669df622d659459a488a5709.jpg,0,288
52acee192d3fe9c47126a7e357db239e.jpg,0,288
3947953aaa7c3c7b465be72080f42cf5.jpg,0,288
f7d44445e690134e0bea90a33f7ae6d5.jpg,0,288
88c6589bb3d6cceef58b6d7b35a7000f.jpg,0,288
c4b3ccde8c3ae7fdbfeb42e89f6f5bcd.jpg,0,288
835745ea8cd6c807ef113b41a3fa3ccc.jpg,0,288
7090b6906b7578dfabcd96289b51a966.jpg,0,288
b3e992fa0d520e706e460e0770dc9530.jpg,0,288
a34fd7a7c1c5d7117eb10a5d929d2b4b.jpg,0,288
a9e88835494e09ab9ec7cd06b49abdfe.jpg,0,288
166a96231a21c8fbc0a5b7ab497c66c6.jpg,0,288
c4aa14419877dc268f1c07aac1e9457f.jpg,0,288
e535a821f03b9c0b9631a5d63d595d15.jpg,0,288
f6750923be50493e6e8745c3968b104a.jpg,1,288
9926dff8ad81d3930756f1746d7cd934.jpg,1,288
d677aab100017a79a7c98e84c939d83b.jpg,1,288
f47d9ca0daa2c3e9ab0b9cfc740bde94.jpg,1,288
10fe5cf3af878e75dc10950e63ce52ef.jpg,1,288
7509b84bd58207678c5a976a1e86c14c.jpg,1,288
f6ba1a81d7305774e1273f27279a290d.jpg,1,288
c001f548a9f5c2e69d12c49144c7dd09.jpg,1,288
43abb00ce7833b87bb06016a7388cfaa.jpg,1,288
e2fd6da9b5cb9781f0183186c6a10a25.jpg,1,288
799755e3d52e6f703c20b8adf6ab6ff2.jpg,1,288
b318d0bffeaad00b6250eedfa4113d69.jpg,1,288
a811adfd96755833db63c41e92a5c9e0.jpg,1,288
f81958a590c2baf8dea2799bafaffa26.jpg,1,288
4c2c0eb25288a3494db8f26ec4836f4b.jpg,1,288
fe36a2bdb3ed0b776be2f8c13750ed46.jpg,1,288
004bbd4949939a26fc3a94b7acebc5bf.jpg,1,288
33de86d3e4dad81150968be531420838.jpg,1,288
0064f3b040c1b5ac36593fe8b0d38369.jpg,1,288
dd02897034756500e4cadba53f61d030.jpg,1,288
e84d52ac43f90cb32e9b6ab519ceaefb.jpg,1,288
5b73338353092ec62a4ff94fd1847e91.jpg,1,288
4a5f271c41a3cbb5dc2c18b845a1898e.jpg,0,711
bd0b55b00d4d0829d0b57b52adb4ce02.jpg,0,711
9695b5337ab275988b2bc334e0523421.jpg,0,711
fc4e2a3493ce8eafbf2ee452881f3f91.jpg,0,711
72c0ca7d05bba30071c62ecfda384109.jpg,0,711
15b3832388d8d670295e25106e3bbc64.jpg,0,711
55263169ff1864ed1e64e1f427738870.jpg,1,711
6ae6314a6849883c72266d839b2ddd47.jpg,1,711
00ea2c5ffdd5d4e4db983b45dcb54bac.jpg,1,711
693be458eb2e11246f7b6b9e4630b2f2.jpg,1,711
297da14285085fd551e1fb28789cb309.jpg,1,711
0590ab7a89b9270f7538057ec11840a6.jpg,1,711
f78a57474094d8c1824715ac1c0247aa.jpg,1,711
8d52449156a76a0141b17e372a273bc4.jpg,1,711
52cf3212a9bf231bc4e9d8cfcfd6fe32.jpg,1,711
ff87c988b06678a7e6846bacb4fc50b0.jpg,1,711
33f4eb2456f19480fecd0b659a1efe0d.jpg,1,711
c6eeb8a88df3b751840e7a8bc857c07d.jpg,1,711
a2aceb50675bcb0ee2dfe038ad68de91.jpg,0,480
60e7e5b8e021bb30a7edbe36f686ee12.jpg,0,480
7f6a25e2f9eec782a538770345a293ea.jpg,0,480
dc88e25fe7612a83edfeaccf5aaf132c.jpg,0,480
6d36f6bd341272a364ff0c9053a584ac.jpg,1,480
b2420ad58e914e25d48844bf8cbeac86.jpg,1,480
ce3c67351f0c5298f2fc04411db5c74e.jpg,1,480
76613b86a2e23962e911609b67e1dd75.jpg,1,480
bac2813518429a61911911f78157faf3.jpg,1,480
c6005a9c149d72c5c0c39bbab23eae3e.jpg,1,480
52480e7aad843554e3ac48cf424fbab9.jpg,1,480
ce94956a30caad1fdbfb1e26d8e87c2f.jpg,1,480
be75b441b13d2349f1f672f76255afa4.jpg,1,480
610cd1b860f3ee126205a46a6529f170.jpg,1,480
2cbeb83e029cbe82c787d9996fc4bfc1.jpg,1,480
48d35349ad6540faee479fa6f74082b2.jpg,0,440
c64e38b638142f53ba4c3f1e625fb153.jpg,1,440
bd7f6e618a8588a5454a6f1e759903e8.jpg,1,440
6dbbd7738b35bb5c7cf49dad5ae3e7ac.jpg,1,440
5eae915014c824acb8b473bd2b863fb0.jpg,1,440
8bff205c4d0810ff39ab29d153deafdd.jpg,1,440
f27bd028cf5304a8c1c0567b1065f8c8.jpg,1,440
491adf3bfabd11893ee893699ff1947b.jpg,1,440
562dc69c05dfc58ca005fc4385d6bba1.jpg,1,440
6c9272ffa3c337e1262da227580e3f3f.jpg,1,440
49ad564c701a56a348a39770fe77c3c4.jpg,1,440
b4ffd633d413821906f1cfd71d7ab6a5.jpg,0,447
dede0bdf1a2b67652b7e7bb620167502.jpg,0,447
c5f98a487d609eac270755669ba2ac2f.jpg,0,447
acffdbb7989365b208df007a950bed36.jpg,0,447
a6730a870ad1fa049bc8a525d5ff19cc.jpg,0,447
4886a375c5bae3d08c6fb6fa6db7dc3c.jpg,1,447
25e34e686a0856d353930d4b1eed0224.jpg,1,447
7db0ee14d9efe8d7176ff45ac8f33565.jpg,1,447
348c449e52bafcb718f72efdd7e95346.jpg,1,447
528a9340e769744eb24725224b066632.jpg,1,447
27d35032dba3ecd383ba915db8acff15.jpg,1,447
0523a6400892ac3e8ede540609c53341.jpg,1,447
c51f1ced79b2bf46c36aa40f54c59ab3.jpg,1,447
83e3c7e83167d08f2a5e84720b2d0a1d.jpg,1,447
428a7afaee859ddc0ac7fb70b2fb3ea5.jpg,1,447
f4b209228303b10b5062a17c9bda574d.jpg,0,920
25f26b83559064fa8959c4bd6df52584.jpg,0,920
3d9bf1243dfb1a65c242349888eb295d.jpg,0,920
286145e8c2ea26789c147bbad49d4adf.jpg,0,920
1982ad178443fac07541fc0595d0b527.jpg,0,920
33ebdeb9fcdaadb2915f006285cfa1b6.jpg,0,920
244e8772be2bd4e690114fcdbb91b231.jpg,0,920
7df0ae10fa881049ecd4e07a5bb0d581.jpg,0,920
723a5ebc5fb696cfad1fae2fa4fb7781.jpg,0,920
094e9e3b757642ef8ca33a40058d9d14.jpg,0,920
62aa147afadebf62bdbb8e0d46dbe9c9.jpg,0,920
4649b40541cd175ff0ac587432695c90.jpg,0,920
7bd2a6b3f9ed26c418264a9d5541f32c.jpg,0,920
c328cef41a2c6672e2fa88282edde4f6.jpg,0,920
511a407b59bf0feacbd53b1dc99d04ed.jpg,0,920
5c382e5d583716349625b4ca65b30b9d.jpg,0,920
c98bb642dd4407451feeede2cb176fbf.jpg,0,920
53631e286811077cb2f9cecad81a6345.jpg,0,920
1e8a2f86d081627c80db0c798cd7aae3.jpg,1,920
8a920f85b4868b777f919dc2c8221d99.jpg,1,920
447aefae6dc4d97508f97b9493818e33.jpg,1,920
d85099afc2a61f50af1612bd8e891241.jpg,1,920
6f776fb71e68220a2d923f89ce37ac00.jpg,1,920
a862b5adbaa13645ee0d277856f3805f.jpg,1,920
74a90a9173ad206be9c5f3f9705dd500.jpg,1,920
16b8f8de79e3bc6ebf1155da0b7aa87d.jpg,1,920
411756783f5872ae1913d4b42da6aed5.jpg,1,920
babf5b763a0d8832c010a4853a9027c7.jpg,1,920
a013d90ad6ee61a9b7a85001865fd25a.jpg,1,920
fa1c4aabaf8282f9561b4bcef0df2f20.jpg,1,920
ada6ea4d9378b917accb281ea8ffcb36.jpg,1,920
9f353402d1c8091f6baf616dd4040805.jpg,1,920
b398cb66662338d06f1b1aa59c680676.jpg,1,920
a9b8d213f5b5c0df2bcf1e0aab0dc4b0.jpg,1,920
d059bd1516a9c7bd8468517c4cef2a89.jpg,1,920
797b211dde1e30f50df229f36235f574.jpg,1,920
2f7fac10351006fb8412466e5d2ecb07.jpg,1,920
2249a14f6c092c73f43f62d8b1eeed1a.jpg,0,484
ca960756e5162b95c502f991d2efe8ad.jpg,0,484
25adb29c8ea126dbf5e8d4e9ac53d9d6.jpg,0,484
7f55ee2005525849d9688cf89d1955e2.jpg,0,484
087e36c4565265ec3d3bc8e614461be1.jpg,0,484
98f4800b5fe4de96a08d413f7998aac6.jpg,0,484
600e87160e091c08add389943149936a.jpg,0,484
461caadb100e64db82188c652b69d090.jpg,0,484
bd7a1a7e2e3f61ce3edbe51e99d487f1.jpg,0,484
987ad45973cf61b1bd9b2e89aace3c97.jpg,0,484
68b868a6df196be77eb38696b7a1cb4c.jpg,0,484
b9059ec2363515c7e98ef03b5e577ec3.jpg,0,484
5cb4c874f4b9be68726d681737addffe.jpg,1,484
450b92ab3e98d83c7e2ad1b785a08896.jpg,1,484
638ace5831368f2378e3178eee81e839.jpg,1,484
116d1216e31341ef5583a8be816f4bcd.jpg,1,484
e37a0af0dc6b542491e3c486698328ea.jpg,1,484
acf02927a3b1c7affe1b643948cafa2f.jpg,1,484
48de4653b5e449f8be0a156ddbd28bb6.jpg,1,484
c33b27d13e84601babe32b7818c2946b.jpg,1,484
ee86fe283e38751a3341ee21852f5aca.jpg,1,484
6cae9817fd85c80e0a6039f1bdc9fc09.jpg,1,484
c8b46a0a7bcb8ead5a2bc3a4efdadfab.jpg,1,484
1eda8b93c9e9b639858d003dfd5bbf1b.jpg,0,485
947d11ff37685c439060169bf56ab1a4.jpg,0,485
9cacfc640b156ce52dc4991f0961c1db.jpg,0,485
1cc09de7e0566a3e7f116cf593ffee5c.jpg,0,485
374bc67317e33268cefff494a00e973e.jpg,0,485
ce2c0904fb731eb4a5188a1bc2d9e765.jpg,0,485
05d730db535f3bdb10439b55499cff86.jpg,0,485
b6c90b03e8b8a5aefb18ea339ac9a783.jpg,0,485
39e29081723cf964439e5c00768354b0.jpg,1,485
c4c20734ae9da6fde1ae78d52a5eb34d.jpg,1,485
2df8f9b8ab61a4c7948f76a639fb196a.jpg,1,485
3041f1bab33a078f858a431dce60432f.jpg,1,485
c2ea75b5e17dd0e1448fba1334bd60bf.jpg,1,485
5aa0c21934c51d77222483823d1734c5.jpg,1,485
a03e30a6c99e5f67f1cbe4042f292c22.jpg,1,485
26c79bc6e42b300cc1833201998d26b8.jpg,1,485
17dfbfa4bf5c80ead9d122c319a84fdf.jpg,1,485
3a1b6ad872fd955aec6bc197abf03312.jpg,1,485
339d5ecb33dd9ba4093ba7ee1112b415.jpg,1,485
a11366d8466e2dc31926107d929886fb.jpg,1,485
922e4ec67729e86b02033828f337409f.jpg,1,485
2b2a0a515a46551394c451bb10add610.jpg,1,485
03607d89c771272af6288e86dca71d03.jpg,1,485
0f1bd778d8aa16080d5aa90821cd6871.jpg,0,387
e4a495438eed4225e232fb0181af5a3c.jpg,0,387
bf5d169eb0007fe967a9f53b4e001e0e.jpg,0,387
5bbff14c04b8e378c1a791b9ecdd767d.jpg,0,387
b4861fae4f444cddc7a89a434b19fd54.jpg,0,387
fcc5454f5d9955c9b765a070b1a07eed.jpg,1,387
c7564a6cfb33fc347437320072966c23.jpg,1,387
c478d048201ccd7eac626a3de23d887d.jpg,1,387
d5faaf035a2dfe7c9747cdb6530095a8.jpg,1,387
57e019018cd9c1d835c78df61eeb02d9.jpg,1,387
2b5d64079d23dfd4260f00b645f4ba63.jpg,1,387
52b262a713d65c1f6b368c3d2b53fc32.jpg,1,387
6655aba6a0530d4c2d4b39dce3cfd67a.jpg,1,387
c146bbc7cf8615631312ee0b9ac053d3.jpg,1,387
74a3131ff29c528eefde86fb317a8c0d.jpg,1,387
39d11d1e4c529c566c02a7cd135b46c5.jpg,0,673
29d37528e3fadd68119ce54f56dc3e02.jpg,0,673
d1c36b8e7e81c6753ac086cfaedb69cb.jpg,0,673
1349f477a1e4fabda0a4d81d9eb0b7e7.jpg,0,673
0651e4ed0b8d46d89ab04338edfe931b.jpg,0,673
04b17b1cccae802debc5d000930a9eae.jpg,0,673
b5324f280de503f183cc41d82660bb67.jpg,0,673
ce8fee667ad4bab677c6ef6bb18efba8.jpg,0,673
a496a86e258eb8cb8f2239458bb2968d.jpg,0,673
7369c95ff32b72b2a6cb28485a28c2ac.jpg,0,673
9b5a8015ac74a5a15a3825bba4e73160.jpg,0,673
31817c66619139e01facada293db4be8.jpg,0,673
41d93ac15aeb1f5a078d52a5563571c9.jpg,0,673
79abf6a834d39d269948eeb2d2717837.jpg,0,673
2d4117f3096c967eae4807059d92d648.jpg,1,673
8b41f70cedf5553210f3c45369617dfa.jpg,1,673
e1f57ac3699a765c6529f6545fde97fa.jpg,1,673
a4c83fed135b5835fe6f44c73dd81567.jpg,1,673
70ca6eb1320161289d17b8ba3a6fecd7.jpg,1,673
9338aac9a30712e8f8b952059af32c40.jpg,1,673
7e8f4f0a146e0632ffdcb3dd1ff6a723.jpg,1,673
5de3a31b537e330c3bd7c4136bf0f1ca.jpg,1,673
2be439ec095a681649302a1654d08870.jpg,1,673
135026aedb497a82a037cafd26ac41ee.jpg,1,673
923bd7f7d80000ab08db9897eec8481f.jpg,1,673
8e67ef5373dce29127c4909148cc2e3c.jpg,1,673
5633663f9569fb3857f7b25fe265b862.jpg,0,325
fcae9e74d0e6117a4f6db3e33bd11ff6.jpg,0,325
ea7ea2cfb9cb49314cdea414ab6c1d7d.jpg,0,325
a3b5467b45f31e8245488d76800c729a.jpg,0,325
2bdc0142a40982102d83004e851d8fc0.jpg,0,325
50bd19cbd9eeb73ddb2aabe22e829d99.jpg,1,325
15484b80404e27364dde0cef4ae13472.jpg,1,325
b948b6bcca040298b7b7b323726c30af.jpg,1,325
81c878df9daf5be9877324ea7d1f538b.jpg,1,325
6e7e22c02a8b82e5c2b033b409141d17.jpg,1,325
164267b4b0423b8a8dacdf8a9487ca2e.jpg,1,325
652622551976a96eb3b6d151324e1a97.jpg,1,325
23bea55db66e6317177a34321587bc7e.jpg,1,325
c66d8a9a1fed1200a205ce6b5eb6febd.jpg,1,325
26257ec286627971bc8e90dd4e14feab.jpg,1,325
29ca2eee8803168c658bb17d60844f39.jpg,0,669
7894efa6827c38afeaeadd8d21375e76.jpg,1,669
6708ec6f5bb94cbe0c4dfdf3ffa0f8c1.jpg,1,669
3ba32a847a2a58b395511704a80fc113.jpg,1,669
a047213734125cf6238dde2e615b90a9.jpg,1,669
1909829dbbc4a81ce8e34cddea6e7aa4.jpg,1,669
7b64eff125e5e1ee4ddab0e4d070f5ad.jpg,1,669
a5c66a639d0b815469a631cf3aa28e75.jpg,1,669
1546bfe20436fec90625162970d35580.jpg,1,669
abd069ee81b3780fee38fa3bbde0528d.jpg,1,669
23f422d8f3a983f59b808b1101a91370.jpg,1,669
ac816cace0b236548eef51df9c533655.jpg,1,669
71bc214b507d4270d463f87f0ce4095a.jpg,1,669
733d10dcd331a91e1e733543949d8fa8.jpg,1,669
025ed2eb05f4f72a2b1f58f087f5b5c5.jpg,1,669
d35945a2cc8edbad86b3c4c3afa268c5.jpg,1,669
771812d298b0623d6b50dcc24f6b09c6.jpg,1,669
020e3dcdf0a4a531771332a7f3beee49.jpg,1,669
543d2c7b6c5ff82470d0c1c06e4f934e.jpg,1,669
13be707148675fcf6f96a2b17793adb5.jpg,1,669
97de2ad54322855f2bea200a527161f5.jpg,1,669
a8865b11a3449cb6a63c13e9783e9fbe.jpg,0,89
a1b69ef2d64cadbb351cb88a074069bf.jpg,0,89
19edc492c674195cbce83b46028efe3a.jpg,0,89
66498fe87e6b10457c1d7a8350feaa85.jpg,0,89
d17f5b0a3582dd3cc8ce2ce63b6318e6.jpg,0,89
977fa2639a32547180013415ebde9c43.jpg,0,89
6b46ae6d1c798652effe6c441d3b8cf8.jpg,0,89
f6c40d931c42ceee5391778e511a7986.jpg,1,89
104cc3e7b86718ff9aab57df4ed49d93.jpg,1,89
a3e7f64b8895268311f7234e831b133b.jpg,1,89
3cdc83876924b380bb3f21d24d8128f9.jpg,1,89
da1df5a33a8ab0c277de7f2f2c31aaca.jpg,1,89
e527eb4698c01bc8247965d24c84a869.jpg,1,89
5b9766505858d73ac56de3efae282d97.jpg,1,89
2394892c6f3e106359fe42db5eb5d2d6.jpg,1,89
0430ac5b95aada76f70aa7616808fdcb.jpg,1,89
0f81b89274cb2c7dc4bcd196acce290d.jpg,1,89
d449d45cee121a6bfb573ca9a27652c6.jpg,0,998
7471068c184ad55dd9abafc5e4d3607c.jpg,0,998
5b03d91e14705ab948a70e25c6e10665.jpg,0,998
c9de54db0c547957540b4aad9e1f0115.jpg,0,998
4b50f152b1f11a167dc1a44fda429196.jpg,0,998
0e57badc651efcbcbb95d8a053f8e4c0.jpg,1,998
b75cfffe50c16148f4631ec741e8b826.jpg,1,998
a056e38ed768d61a01c3faa1575be5ed.jpg,1,998
d864821d4c21652841244d3d1266f1f6.jpg,1,998
6ba0650dea8f24c5f321665369c05347.jpg,1,998
4e13728fcab07be054009fd827d4a62d.jpg,1,998
e48f67c95d1c087793f05e97b157b143.jpg,1,998
fd0ab3ed4f6ab6542d41465eb27d2b40.jpg,1,998
db2d009b22a36f093ab01c3bd8cdb49a.jpg,1,998
47d169b97e9fa8ee8cf25513f874262e.jpg,1,998
4a5b86c0300a0d5d42662f0b96e06081.jpg,1,998
0a2719b20585cb9d4b50fcabf4245161.jpg,1,998
a3381bb84edef4b9deb9779aafd08e49.jpg,1,998
7ead5b0bb4e2e43224d3f6d2e8c0a326.jpg,1,998
48cb0434bc9f730a4baaca158e5696b7.jpg,1,998
39e010949f0766411c55f415d58d24a6.jpg,1,998
fb0ad976dacbee4ef62e56aeb08cb048.jpg,1,998
7d7060987cc6c83b99f4edae4a1cca28.jpg,1,998
0139bb18f8bff70a9aa94c6f6bade667.jpg,1,998
db9c5e74648bbeef0bcd621fb75286a1.jpg,1,998
ae32ec68c71c668b814e6be04e11da63.jpg,1,998
2dbe36730aac70b1bda510143b5f6ef1.jpg,1,998
7b1464b1013eb81577318896470f874b.jpg,1,998
72861225e2826fff4b280a32064883e8.jpg,1,998
6a2fdf6d4c17c0ed29aff13bf66ab279.jpg,1,998
60b63b797b23e8a383e331d543481be2.jpg,1,998
e34918329b877754bc30f29a1d623ae5.jpg,1,998
b10f46eeb1000c6a86e59673e8331b67.jpg,0,701
54ef2c8ea87c6a47671e2c22599773c1.jpg,0,701
aa2594b200262e31e4541b6789cf996e.jpg,0,701
9c64040a78811534e8a4447a0eb22d33.jpg,0,701
2661e1f9ccc0ba9cb370a194d44899d8.jpg,0,701
500808ae11eda810af80e8c3f74decf9.jpg,0,701
8fc29cff88790d2d115ccb0f384996e3.jpg,0,701
e99c3c3eeea8178fa71ba73064719b18.jpg,0,701
d323c5172b4454348e204df14a833107.jpg,0,701
6f459206f95fa47b93bdae89d8ccb3d1.jpg,0,701
ac35ae26df69903987fd9b5199e0dd3d.jpg,0,701
eb5607de549785a9695524c1db4ee6ec.jpg,0,701
c3b6883bf0d7941b5d31d971e2886dc7.jpg,1,701
140c91cb222b9bf182582305cbb091c7.jpg,1,701
219b0ff1d51ad0bd0017cb6afc18e4a2.jpg,1,701
99b2cd6d1b0f7faf1de95555889522c6.jpg,1,701
4db6b5dd12816226f1fd11c1174eeecd.jpg,1,701
d1ab002aad86ffd1e483cd0e49f192c7.jpg,1,701
bbfe8a34e54c2d16705cde921dc935a0.jpg,1,701
cb2ea743fd4782bd9bd94780c72a8590.jpg,1,701
9e3ab65cc7f50428b6bc07ba14f408e8.jpg,1,701
bab67042d0c845b48e8a58bce0dac822.jpg,1,701
0a127e4c1f6ebe37057e5d0ecfcb11b5.jpg,1,701
dd8d06f6e96262be7fff970cca4b8aa1.jpg,1,701
6fb23621ec809ca46eff7d4ac3b4b902.jpg,1,701
2ea6587ef26f8edef0ef25a4e4cdc0e2.jpg,1,701
d4cb91303c5aec97d933cccedcf7afae.jpg,1,701
296b0184fe5e802795e9c75e46aed540.jpg,1,701
f6c407b4e16eefdf965110e1e500b5bf.jpg,1,701
32fa3f6b5d3c983475c6311d206c6a5a.jpg,1,701
2b23e92142ca435d9c0337200ac2917e.jpg,1,701
e52ab0a94b17ce402c28950a143b45d7.jpg,1,701
705f180919f7cbe49f8065fad5ea34ae.jpg,1,701
d0e680610294a45fc8fd7568d90abf60.jpg,1,701
3b206cb656464abdfe91e0f94845bd25.jpg,0,775
8955db7ca50d6f90d7bb2c3180eb2a7f.jpg,0,775
50dfacac7f5b2d41d233e16433f94b1d.jpg,0,775
e17e0b5665eaec97d736d358b5d3508f.jpg,0,775
3f562be8b93d56b6529f71bf92cbb653.jpg,0,775
0f0abf63a825b7d8bad8975548acf308.jpg,0,775
9efc7fd672e2210208dfc36cd7e41441.jpg,0,775
0aa9e0372b6571dcb3df112f83e161d0.jpg,0,775
536bf73adae80edcce348fb4c4031f43.jpg,0,775
fddd201c5b9bfd08db2dec2a4ff77b61.jpg,0,775
e7cc71b8a6ebee4057389a2db1c76157.jpg,0,775
a08b494678b104209350887398a1e61e.jpg,0,775
95ace875b3a0e269efce9e6ff6bb3e2f.jpg,0,775
e0e1f678b2ff216305368f94a95cc5ad.jpg,0,775
bd962b0b9d170c9cc23de3ee13f8227b.jpg,0,775
b5c83b215e6b1e1f898654f0712bb79e.jpg,0,775
31eeca6ddbefc2ed763bb8510dfce8b7.jpg,0,775
f0e012a36ce94df52621c14ae37e99f4.jpg,0,775
cb4572495619c8e96388dabb3e43583c.jpg,0,775
5c9d75207c82607569e3701e5cdafa7a.jpg,0,775
77185d9876ba21d353a5cf49648dbcb6.jpg,0,775
85ad419ff7adc4bc8404208c58a9cd06.jpg,0,775
16fd522adfa9074832e945416cd4582a.jpg,0,775
54f0819ec6eea8ac73291a1359cf91b9.jpg,0,775
5a6feb184b28e1dfaca524af066ef8c1.jpg,0,775
716a0908273b26abce578c162fc31f25.jpg,0,775
28cb287e23bc561caf04df9b856b490b.jpg,0,775
a8ddfb3253822efb7843a5702a01c2d1.jpg,0,775
02682469588c574af399661cea2c3129.jpg,0,775
7fad1820d52dd9229a8965d0cdec2a70.jpg,0,775
be1d6e671bb26b29cbf75239e79e9950.jpg,0,775
f1e99ad571687aec40d22cba1f28e037.jpg,0,775
7e42cbed81c48809e2d3d76c57f55444.jpg,0,775
3661a001c78b8f1c994d4aed52be022e.jpg,0,775
d0a9c24e767ce8962547a072eccdd13f.jpg,1,775
4f2dfcfd4300597da0539fce3dac9972.jpg,1,775
17c62352d18dac0be41005c293d8455e.jpg,1,775
189c317ee77dfee90478072e12ce7e8e.jpg,1,775
51aa511a9a8b47c350717389dc4e5931.jpg,1,775
8f286bda2f1b993116f6668f98d97781.jpg,1,775
629dda8146383d4884d477a2b1ba8993.jpg,1,775
d80e08c6b854330b7769412be20fd774.jpg,1,775
3da24e256e228a6da182f3377d7e62f7.jpg,1,775
2258a079830cf03a14c1daab83954ee7.jpg,1,775
41f26980a3a60fee1773176c7604ae4c.jpg,1,775
d8d765d4bafa25de2297db97f53c0cc4.jpg,1,775
1447f4f4fcc1d101a3e190769c42614e.jpg,0,836
67090537c474aeac6b92b97629f7de5f.jpg,0,836
3887764f752332b5ab2b522db44a225d.jpg,0,836
29b8aa9aee7f064c2d2af2d07423b203.jpg,0,836
c6192cad4fb64eebc02b6522d2784b06.jpg,0,836
95b4c0edfd51b9153390bc1f78bab729.jpg,0,836
a5dca03ffae9f2cdf6342a17669288af.jpg,0,836
01a041e2edae041e72b4ea99cf8abfa9.jpg,0,836
b3bb5cc37814a374a120cba6c9635d19.jpg,0,836
22ff6a68feaa72093ec2a88896891cd9.jpg,0,836
53788e5ed428196ea0d432168bed6e96.jpg,0,836
dea0ca554a80608f3cec8e4e0ce9ae72.jpg,0,836
1175796d063c936c4ac7ebb636fe8aeb.jpg,0,836
5f25cd096e6baa24aca3e81f47191f6d.jpg,0,836
949f564453a9b538fb5c32ba96de9a28.jpg,0,836
4f661b02ca67ca05e3b3d59469e01571.jpg,1,836
515a532c95d37841b8824c88d2a9b74f.jpg,1,836
eac1a16e9d9b8026fa6c2f85d6851226.jpg,1,836
3a33df794b68320f857a66a6b281c646.jpg,1,836
7ff9a64b086acfe642d17275a6ed6fe7.jpg,1,836
bbe049057e81cd17f5dae51262011560.jpg,1,836
bcaf9697678933c197a012bc84dd7d53.jpg,1,836
cda4d86e963257133052be0d1176856b.jpg,1,836
0616e4f711daba12083c402fa700e112.jpg,1,836
34cddb512770a02a722c71cc778c36c5.jpg,1,836
6426974af628f0f7714a374e72c0f0b3.jpg,1,836
360c776a63e6f6d475d1b933460633f3.jpg,0,383
893d1120f2cf1e0c1fe712abd798f17d.jpg,0,383
a1f7fde5e4ff1f4058c3352f6c9edd01.jpg,1,383
db32ec82d7f8a18ffea684f057c6a3fa.jpg,1,383
73cce1ed3191c9c9e4d8592b00118c3d.jpg,1,383
645ba0f188e4318305aaa9ce97506bc9.jpg,1,383
8c40bf979fad1811566974625f8e02c8.jpg,1,383
e7a8208fbcc0664ef8a2fc0e43386218.jpg,1,383
75073fcfbad9b6dae1513bdcb07e5cf8.jpg,1,383
2abd4d8e75dc0d1d071ab6c8f09c3c41.jpg,1,383
48bcf66e8a17da9f212c96736f2148ba.jpg,1,383
fc6dc01cfe72372c1dedeb50c79a17dd.jpg,1,383
e34c6933ff74ae3a756d021c70049aae.jpg,1,383
6558f3a9255f47e8fbe568cc99d60ef7.jpg,1,383
5c670290e2d4b19c66cadd1a89837fbe.jpg,1,383
465d1af4722f938ced4eef5e2bcaa732.jpg,0,430
8c4b3e64bb69d567fdb82d64a3b10864.jpg,0,430
463f3f576ef05c9b90727736b8c2ebec.jpg,0,430
ee31214cd298086936763706a76fcdc2.jpg,0,430
6e374ea9cc47a52e0819924527300364.jpg,0,430
fb602c61b0fdb7b57d8aedbc732429d3.jpg,0,430
c34f5744ddaa8bb44836c7150121b0f5.jpg,0,430
174d37b70ad4b7d5bd6a9de664d5ffba.jpg,0,430
09f230ff0436f012a55b83ea05cef8e3.jpg,0,430
ab151fbc6e7a474f0957ecc7cafb0070.jpg,0,430
4fc6d0771ee7f6575dc030bee172ead9.jpg,0,430
08ea06d19482233270a56849c6c95945.jpg,0,430
860641b06c946ecc73dc113aa0b8b9c3.jpg,0,430
212b987928a9e4db0801564308b018f3.jpg,0,430
7f9aecf18a9a4d5ea2fec99bd896bf1f.jpg,0,430
653ba0ae752655d7d3b575e1ecd05aa7.jpg,0,430
02b5e08fc3841ef41a5218ce040386d2.jpg,0,430
6eaa05aa9e05e94da41514542f176a11.jpg,0,430
9a38a87dd09962aa4f0a198e62fe2638.jpg,0,430
d1f4dd6726ad5f5eb822d0639d4153c4.jpg,0,430
5fe8d269661dffaf67b596b016ba1d84.jpg,1,430
09911acc15af8d59c7ef7f2ac49306ea.jpg,1,430
0ee2e229845294ca14da8249371372d5.jpg,1,430
84dae642fe0a6de3f4049a2f158435f4.jpg,1,430
b790f157f1e5a77a03e1d5781c12c02a.jpg,1,430
42311ca6631581d6cf71df3f88b570ef.jpg,1,430
8ed50caec52006d44bec2fce6fcac60a.jpg,1,430
43d499cd671b17d658fe1763f29b3b3b.jpg,1,430
893b90ae2b724815760a7cf1157c7e25.jpg,1,430
0fcc6a020fa4d5c2cc7cb7866dbe6280.jpg,1,430
9d67a2772078869fc3d5d86496a2c868.jpg,1,430
6e58b5e86ca548deeef46570324f35d1.jpg,1,430
691103f9bf5729f530d23bec3d2d3666.jpg,1,430
26908a5701b566f74719f9bd46b2f180.jpg,0,379
adb08f5c56cd5e2e1987c074674417ac.jpg,0,379
971d3be7c3b2ff47e17777cb20bb6bc0.jpg,0,379
dd102196975fdea9aebc392151d39641.jpg,0,379
51adbab88aa078584b59c6f65389e468.jpg,0,379
393e61e0b947f49f6c62a1a16d3a645c.jpg,1,379
1d5dcd82b38b1167634a6c53fd8d3d97.jpg,1,379
9e598e34922988597820cb60ff4af596.jpg,1,379
429ebb3fb6698d36750d9d5db6895845.jpg,1,379
c589c3d5a02a10bcbb4324a1af65858c.jpg,1,379
b1c6f592d47dffc824c40d19e044a9c1.jpg,1,379
3dcfade213c8b3432c3e2baf2fbd6f27.jpg,1,379
5d189cfc81bffc4345cb9266926599b0.jpg,1,379
344033f70ddbd16c77927b47cc186ad2.jpg,1,379
9db8635d88a5a19267a585170db12771.jpg,1,379
a9bd6c449e72dc3622e5e6cbb66da58e.jpg,0,306
006f550658734d022250bed22e7fcbcc.jpg,0,306
f498ca489110ab48a28d7481c8fd2b2e.jpg,0,306
26ebc4b50e72030fad8b312f95423ac4.jpg,0,306
4495c7bea764dc6277f3fbdea3bb31cf.jpg,0,306
8d5a08eb7582c6c22544e809cf0046d1.jpg,1,306
bbae0781928cd0b275ff062561220e1c.jpg,1,306
9434fc5de1c5afa8809fb476d07408b9.jpg,1,306
837809aae228bf39288c53133001a1fe.jpg,1,306
bbb053d9e3c4b2c2533cb8f6a4e9076e.jpg,1,306
2185d86d3d97214dafb3c40cf60bc360.jpg,1,306
3efda7b3e74ffaf068e0ab8acf1b0cb6.jpg,1,306
1ab91bc33bf3d19c87c7ea602cafbd6b.jpg,1,306
3a0dd82809df7698bd350db2e40dc6c3.jpg,1,306
f6fac43a7727073449f17f0f658c0f47.jpg,1,306
efb0d2871348383d28a960590920b2fb.jpg,1,306
cd88839d2f215fdb0ba506df3e290355.jpg,0,407
acd0299ce0b3bc245d1d46ebbbbf5dc7.jpg,0,407
9dc357569010e66790c0ee57798fd122.jpg,0,407
8878bcd94831fc2e160a5ec8b5223a1e.jpg,0,407
352b8c1e409de764d96b613292a48f8f.jpg,0,407
d526f9bd5bea75b58d1c324036eb1db2.jpg,0,407
6b0c69de5ad224b8fd447b467f5dfd9d.jpg,0,407
7f2a90c9b240ec789daa70f2403d9bcd.jpg,1,407
670baf7285d287bc91dc4a9fd9423697.jpg,1,407
a0ffedb0931ed143f6c0cc157c39d41e.jpg,1,407
d6481e532c9f33343daebd35b0c9e6cc.jpg,1,407
c8dc3578e990f2ebd030c8ed55b68704.jpg,1,407
e56e393b16f8d4510595e4a2a2c24808.jpg,1,407
94130496a5f3429edfe4c077cc4481f9.jpg,1,407
d88d0c5ec9b773f22d76cfd2c42de383.jpg,1,407
7f3e25004574061f807f04ba3f2fd548.jpg,1,407
1c5e2800b569296682ab42aab44e0819.jpg,1,407
70f7cade73693f4189747d5c6d54406b.jpg,1,407
5c6458c7d46c818496fcbef48fb57abc.jpg,1,407
30ef320cc99488a6441cfa595f723562.jpg,1,407
5b02e1a7549775dea89afa69794298f7.jpg,1,407
7d1f330a55661693aff6f9959ba50031.jpg,1,407
3152ec88e51655d2aec47bacf7c74ca2.jpg,0,820
5b256db5dd7027edc10ae5b37a678036.jpg,0,820
c5b9d4403e44b132018fe9780887c627.jpg,0,820
56e564bdc1a380b41f10d82a3f813221.jpg,0,820
aa23633f1d68c1bf7067ec4fec5cf7a4.jpg,0,820
376eef8d533837b1fac1c26635f0189e.jpg,0,820
bbc6c460f9c179c8ada427c58e1d2443.jpg,0,820
c8275e232c3a7508a612bd72c3e3bff6.jpg,0,820
322f4d74cbb53350ed4921ad21be92e2.jpg,0,820
128afa4ef9f11dfe8e114591e855e110.jpg,0,820
60b2bd584352ba5f498c82c203cf2cae.jpg,0,820
3eaeee5bcdf47d0d7ba34e0babbe2534.jpg,0,820
7f93935258089c322baef6407b1bce8f.jpg,0,820
45352c394d02f49c5d0337360c39647e.jpg,0,820
8098a758b040b32701b950d474c4fec5.jpg,0,820
83dec373a02b6daf7b6d53d37f260d8c.jpg,0,820
986689b36a6e323fc7eba440de4e9d7c.jpg,0,820
aaea68114cd9aae5db9dbaed9b09bb93.jpg,0,820
561cba52bd6a4d85011ece7f6d9b1054.jpg,0,820
bde484d96ac400a6856d17aaa353d94e.jpg,0,820
6d2d45798b6612f5866714a7e87452f4.jpg,0,820
6c655a0018035fb62dbd35106701491a.jpg,0,820
a8716db6c42b08452d656252a9d05213.jpg,1,820
f9a41add5745b4360bba988aa17938c9.jpg,1,820
ba47967d75a64688391387d9983aab6f.jpg,1,820
c906848de71739b045d29cc70f6bb608.jpg,1,820
62cc54140a1f61f8d4e3399787d73e16.jpg,1,820
b5e8cc98d79007f10c514d62c0fdd1af.jpg,1,820
1ec4a96c824eb7ecde10e80e04767435.jpg,1,820
bbc3ea93a2d5ec0d9abe2d579192853b.jpg,1,820
e45cb2de382a85e11758f4bd35de5f42.jpg,1,820
5d079fb4fab452b422a125b888ccbcfa.jpg,1,820
0e696e9f8131b744bb92a5aea9ed739b.jpg,1,820
96c72bf52fbaa656e41b41683717b7f1.jpg,0,648
378fba50b8f1e830e264bed935377bae.jpg,0,648
6adf99f1b2386f6531f689fb812167a2.jpg,1,648
70c5e24a53e67e235733d3ef764be4b1.jpg,1,648
8cd7c62286666aafe34eb0a92c63d7a7.jpg,1,648
0c703683954a0e338c679fc7aabf5084.jpg,1,648
2f88469be814e4dfa87a2b7335c56c58.jpg,1,648
6dc1e3cf0c00fdd984289bb3482ca263.jpg,1,648
56e0f29ce4f394e41cfff7c46562c1f1.jpg,1,648
110952c933b2516c4d3d599a6d9b3e16.jpg,1,648
4ab3343a4769f0835d9250762d2c1c58.jpg,1,648
277eb03dccc7588e6728ce312748553e.jpg,1,648
c30bb4882d11feeec22dd6a4ecc819fa.jpg,0,186
95d9084e481fa949ef59d8f51d687627.jpg,0,186
65b32fe5aebbe6db7103a03b56e43fa3.jpg,0,186
b8b5490147e1cca1acc065df4513bbf3.jpg,0,186
790bd874bfe075525c5babc307c4a14c.jpg,0,186
bd97fa28c3b533f35cdb7c2e33cdd6db.jpg,0,186
85455f9f349e1a0d1a892b57a5669efa.jpg,0,186
5bac53cc32f4d00578fdcfe3ab9a1d32.jpg,1,186
7aeba56baaef9b547dc19d7dda495dff.jpg,1,186
45e6739b5b00f47db4d822f23fcbc14a.jpg,1,186
82c55af88a21df2d09e36b8425f83178.jpg,1,186
054ab61c0c5a2e940808cac2de88910a.jpg,1,186
8a912fe5b23a1310d0079d079d0651e1.jpg,1,186
77be97a9ef67e4b4ae3f3c346e35907d.jpg,1,186
0d448c0e3d901b587017fec79b98242b.jpg,1,186
4839b15773e07f7949d24fc81a50e5e7.jpg,1,186
8aa404ceccc3efde9f1d1f31bb466f69.jpg,1,186
2d5217fb19b8f961fbb161a141f9bee5.jpg,1,186
1de61934164d96e26b9fe329d1e2ac88.jpg,1,186
8e7c5b008ab655925c947539a4836d53.jpg,1,186
66a4cfc2e0e42e4b53784dee7b0edfa7.jpg,1,186
45903be3c552fed09e5fe857c64db667.jpg,1,186
a7c3366cbcd0cc31ad1847a45a260038.jpg,0,327
b5ce6e3f279958f9e9d7e61f993c7334.jpg,0,327
0ce14786c2ff6878a766608b64678f3a.jpg,0,327
08380eb0866bcc332159170ec8551a4f.jpg,0,327
778f062f8cb7b7bc2e0be4304e78dfc8.jpg,0,327
730ef539f420aedc45bab939512b9905.jpg,1,327
8690929724f7b49a1b733a49c98583bd.jpg,1,327
f14a4c058e4408d5a7552b42fb9f5833.jpg,1,327
9cebfae651b0dfdb3b7d15731ec3e86a.jpg,1,327
52ba9ffc1a3079ec0f9f84344281338d.jpg,1,327
3a6153a48ed2957843d54afe30f6a7d3.jpg,1,327
2626f323add5ab47a517d70e3d3487cd.jpg,1,327
6ade7815021b36c522ed57b66527cd6b.jpg,1,327
e909beb0c07164bf4d3a91337ef2ac09.jpg,1,327
63284da6ec9cf650b560cd08db52641f.jpg,1,327
9ed72e977ad518a899336109411026f9.jpg,1,327
3dabe7499930d7f98628fa8d00dc7ffc.jpg,0,850
a13bc0bd8b6b8916f1ef0ffdcaa77c01.jpg,1,850
0dfe69eb38982096697ace68efd95074.jpg,1,850
8bad9f7fc3931ed8f69e267463938714.jpg,1,850
608b45da834e8d7e9bf49b92631ed755.jpg,1,850
0d8ce0ed98897fbc447f6d61bdf3600d.jpg,1,850
1d3eb4745ab7cf7fb7102b590bce7b82.jpg,1,850
be714f815aa595706cb5333f6b1b2dae.jpg,1,850
f94e7957585ad7d6272cee5cd45f5f1e.jpg,1,850
5f8a4fbd01da712ab05024b68714aec6.jpg,1,850
75d0babbc9a29f5ffcd0451be84196c7.jpg,1,850
d008ba6c3d23974f0f75f14176309203.jpg,1,850
c1e5ba98b53790c7c135685790ed18b9.jpg,1,850
67fe81da6667aea99385517dc80ae1bd.jpg,1,850
0ba0a8cd21d4bb14ad76bb6b7928b4dd.jpg,1,850
a868ac292631c29d57b8b30d7e7d79ff.jpg,1,850
3bddaa68f2c933c800429e05521b5e0f.jpg,0,654
48c5aa96a63b617777df0a0aca366c0a.jpg,0,654
e56d0de95c00f6cf12b44ac2447a5875.jpg,0,654
f1cd77f7284be951b9cd40afa3c25756.jpg,0,654
4cec9626827c8822477659e9fb9878a3.jpg,0,654
1d588cfc69612cba1752ae70761f8600.jpg,0,654
372a4170c264fdc862f922bc6053e07d.jpg,0,654
b597b66c63ecb9f8a1dd0485dde63bc7.jpg,0,654
37799b5c5ea271642dfb3fa8f43aea5b.jpg,0,654
e634c3d60ff951f0f2e1fcb5a58c36b2.jpg,0,654
e89a37942266028d55aafcd952dd3764.jpg,0,654
86ec282aecb1a13b153768d9dc6432c6.jpg,0,654
501690b8007f97a73da3a693cfe22171.jpg,0,654
bb0d1c546efc7e2b762a1fddc852d79c.jpg,1,654
9d17b890acc0e6933749f1a28f7418d4.jpg,1,654
314bfa1e525eb163153e25987e8e1d86.jpg,1,654
9c15e9f9e8f4d0a660ba1dc1ed146ec5.jpg,1,654
388cc002964c3ffc50e2b19364cf6f19.jpg,1,654
5033b76412717dd1ff8c48ef6be28b0e.jpg,1,654
b6ff970a0d95402904d32faca8ce52df.jpg,1,654
db68a36beb058aa44010dd019afe4d9d.jpg,1,654
3a359d9cd2277853004306a72e0786ca.jpg,1,654
9dd8dd5fa60cefb0c3edf38ff8560202.jpg,1,654
01a696e5cbba6e3fa8576c23d067e0fa.jpg,1,654
46722a1df1a44eff7fa2270444399b6c.jpg,1,654
28e5f71a11f96efa12080a118656cf0c.jpg,0,380
70b75a93ef61a98d828f809c33e48d78.jpg,0,380
481d1b5682f5681e0c10f7635148e345.jpg,0,380
c9edf03500a160abf9d7294c1aefddcc.jpg,1,380
3abeeb55caf25a5f5d8b5480d80a2282.jpg,1,380
e401306d58df7f2028290add2a00219c.jpg,1,380
00b05f9dd8a0c2564b7012eced6d4b7c.jpg,1,380
83c514813079b19da91c6275eb55d38e.jpg,1,380
944efa09bf7b86412ed287201b1dc607.jpg,1,380
32775790cd871940fac97281d03e15a9.jpg,1,380
e1bbd79e4f543792ae8d6c1ec3024228.jpg,1,380
f8b28d5682124d618af5e83d5da47b39.jpg,1,380
60040c41d50c48e89680e0dad2f0145a.jpg,1,380
a8b8d6f8259bbced1a727caed4b3b01e.jpg,1,380
d5c49353bec8bb10e979f4b0977011c7.jpg,1,380
f51f3cfa298abe6d9d52f3f12b1bb16a.jpg,0,491
a63003cee319bf7d8fa98674cfccb5ea.jpg,0,491
bac79c21ba2530e162c1dfd2d326ebe0.jpg,0,491
6d1c936ef73819cedfe4806adf32d567.jpg,0,491
02f90090d058544ca61b09b4925267c7.jpg,0,491
24147d24d1d499da9fe6e4393dc8761e.jpg,0,491
e2e29f350c8317117e11d1a013ca7807.jpg,0,491
ef95a6b82e91118591a35e6367f7c6ed.jpg,0,491
4d8ac2b07b4c19de4dc64656b3b9dbcc.jpg,1,491
a586bb16d0a21a094efb85f956ecadd9.jpg,1,491
11bc258dec16eef9e2fdcb2643ffa73b.jpg,1,491
d2ccd4919386ade39f21dd0a097cc80e.jpg,1,491
130096ce693a58996f60509241b315f9.jpg,1,491
a1415ab11cd490a2de847970c74c5f19.jpg,1,491
0d318bd38a0daab6d68838aa32cfa404.jpg,1,491
9c1b27ca2f3a19eea7c65d302203e11f.jpg,1,491
6f89691e83595af483a997da308d0dc5.jpg,1,491
4f5e938f33654a566583426d2b1710aa.jpg,1,491
c3dd0519dbdf48ece3dfe77a01e9d20c.jpg,1,491
9f936f7c3de67bc2c62a81c3381838e3.jpg,1,491
0d5e31238698e05b5d507316c6cd9d66.jpg,0,471
fc287ad723099281fc6e51fcd2ced284.jpg,0,471
925ac1422758d131346462d35ffdf4c5.jpg,0,471
6805722599f71564404f98140282ae0b.jpg,0,471
d4d4b9d88e8aeedbdc4a1bccc4943b22.jpg,0,471
a92972848b09577e2dcbbcb98cbbafdf.jpg,0,471
a5871d2a60a2a76ac96774f9b6d072c8.jpg,0,471
ec5b070dcf1ae6a4926e67e43c32666f.jpg,0,471
0387bae22a85be23809cb71a50f757a5.jpg,0,471
5289f5a78393685395c7729ed7ff6bc5.jpg,0,471
8def198305386132936a8424c3e4b007.jpg,0,471
65ee8ed8b2f20d25f763dbd5a45d4abf.jpg,0,471
b25e07b74e596743e7d2bf2c71a5e53d.jpg,0,471
f9a2283b482e1401ae3c5155079d0cfb.jpg,0,471
09097cf6550bc08ca39587e2375ec0b8.jpg,0,471
267af4644b49c7c9843ee2c73653fa3e.jpg,1,471
cc60d5058a4181187353e60fea8a4460.jpg,1,471
508e90fe733b92b5ce9ddfd6091b3a3f.jpg,1,471
22036c87273d08bfa2efa3e92d62b9cc.jpg,1,471
cac3bb580757a09466c4f6e010a072a2.jpg,1,471
fdef536d3d3d89ff22679378bb7f3d1e.jpg,1,471
e58ef26549310e794d9937981d3e98b4.jpg,1,471
1a95a6fa4377afaba9490f0f7703b99a.jpg,1,471
37dc7330ce377b586cf500a356850dcf.jpg,1,471
fb1d59c54126940eec51b8dbf9fa1012.jpg,1,471
20a1a5d3378e4baa1266b8222972385d.jpg,1,471
373d4332072e15161adca9f574eafde9.jpg,1,471
158c40868115e075b009c5abc06ecd66.jpg,1,471
75e26537ec972b95230a760e2ebed02c.jpg,1,471
62e644b96d53b98bfbdfcc1455dac819.jpg,0,922
8bd590a59952c0265a53819e5d60523d.jpg,0,922
849488f8447a4c66b410e45b8a0e79f9.jpg,0,922
485badd195c649b3f4b0ada0dc4ed93d.jpg,0,922
cf606658e5407fadcf275ab60e4c72d7.jpg,0,922
3da1c466037871a012ed7a49af903714.jpg,0,922
922a13a16ec36932695ff63382bdcbe9.jpg,0,922
1b95d021fcd0c7257e241891c05f29f3.jpg,0,922
49aacff14ca7424bff683d1cc3455d49.jpg,0,922
8e53ef5059d4b59d899b457a86ab2671.jpg,0,922
2fa34a02778ba9a105ba964c7dfeb675.jpg,0,922
a93486c2d2e7b976f37694569141a514.jpg,0,922
02be1d5d5735814155e8f943df5ffaf0.jpg,0,922
81b79085a5b1a7ccb626d159ecf586a8.jpg,0,922
8fa9d240b0faaa9ee0458f604cdddefb.jpg,0,922
3326d46de9fd2ad2b500ea7f4a921d05.jpg,0,922
bdea5353e3e1c421bf928e624f6d01c2.jpg,0,922
8ed9853a26a047701f211f38d864bf4d.jpg,0,922
2308967d7cbdf75abd71714043b260d3.jpg,0,922
130f9667a91e9a292c6e6f7327883a08.jpg,0,922
e2939de41a3d3bce5fecaaccc1fdc03f.jpg,0,922
b3526356e3e8095931e9c72d6835b05b.jpg,0,922
42bff3b9b206ca62a3ce293832b02bac.jpg,0,922
8ae6b199ea05c142c25bf6e36b2d5fc9.jpg,0,922
b14be6a1cf44901277d9fac759ecc92f.jpg,0,922
8b8f5491e79219ca1e2752e7b30dc84b.jpg,0,922
d00f5bc9782cba07471ff9703e40cec8.jpg,0,922
5adaf637c26957b41aa3798db7e6ee30.jpg,0,922
083519554cd0b7fa1f41035713e3f766.jpg,0,922
d34dffc3825cc2704db1301593d6255f.jpg,0,922
c00c5969a1a59f6f357203c6cbd22a49.jpg,0,922
cbdfefd9e0b563e6bdf81e55b6512d6a.jpg,0,922
fe22b071093993c576cd4e33f443d469.jpg,0,922
ed61595a3b9db361a1bd2443734dc80a.jpg,0,922
db4c1818790298c1e531f9701fe30d26.jpg,0,922
d6f7646973f9d813878585a17ce878e0.jpg,0,922
6c6e48605573851c87d8d397345a9bc4.jpg,0,922
d117218e1202ceae09edcd5da0afe9db.jpg,0,922
dca896392f696e0d200fa5f2c16428cc.jpg,0,922
4411ec903bbebdcf162ebaa1525007b9.jpg,0,922
79dbc3276bc289f44b848f3a6f352be4.jpg,0,922
cbb571a2e645b156bd919e03cdc00f1a.jpg,0,922
09f699d461e15b4156ce65550f6913a7.jpg,0,922
1bfcd96c15ea7d0e320f7ab3a96c1de9.jpg,0,922
989ef4ecf82b2f069daaff97345416c8.jpg,0,922
a6d3bc7860d472ec06a707f26a15435d.jpg,0,922
3172246057f174031b50684415127ba9.jpg,0,922
3f1003c65706a38e2d9011f8adee1622.jpg,0,922
155145fdb8444196c140591905e12c96.jpg,0,922
8b280925300aa8a2acecc5d8f3f92ba0.jpg,0,922
0733d893ba6cfbcc9d5cc72611f063ee.jpg,0,922
32ec695943308f70a832852aea285fac.jpg,0,922
57fb34032a55ee44ccdd3ae6d5308ebf.jpg,1,922
67aa5d57af15cb4d763378eaeccfe023.jpg,1,922
ea19a6bebb9fbf33b5fdb1aff36abc87.jpg,1,922
fb629a7ef2edf70326d314e8428b0c14.jpg,1,922
bb4b26faeef5262857cc882129d01aaf.jpg,1,922
314d6f92bc9e43ddcf2951397bf7924a.jpg,1,922
9e3198a80bafecb47385453716c7a3c4.jpg,1,922
a338cd7e344ecf5b0e3725753ea8e14b.jpg,1,922
c7d40ffaf469eb6b150d05d28d9ede44.jpg,1,922
86aa603c3f262f19b79e4ae120ebeb0c.jpg,1,922
a46db3b995529d0c58e1f64a369fc334.jpg,1,922
54f0cb009a4785c39647faaeca8adda1.jpg,1,922
26531af4d564b1df11d7785164fc3ea8.jpg,1,922
112563d9fb655bf5890cc2feef4d5466.jpg,1,922
24f6a2a82dad7c25947270f347a51a8d.jpg,1,922
f9ba3982cbb562dd7307a0b9e18a915f.jpg,1,922
928c25438e813cb0a0103cd9a20f9055.jpg,1,922
dae82e0fc17164a39cfcf5c4bffbd58a.jpg,1,922
d7d370bc56954687d64ca01cbbf16dbd.jpg,1,922
20290b49db27bef46b2c69b18b0f322d.jpg,0,152
b12024ec6307d863cc4e83626d6440c2.jpg,0,152
9cd6f28a18c75950971669a5b3f730a6.jpg,0,152
462abd809b170f169fe7d2310c05beb0.jpg,0,152
c921b6d957be9160f1bc67270a509282.jpg,0,152
a1d90a59233ee877af3f4147498d111d.jpg,0,152
c1eb4a5befda57d63a5020fb1d80b220.jpg,1,152
70ff27ad1b8b5b4c537b755984873267.jpg,1,152
4dded10e858129bf78e6e122b1ebd766.jpg,1,152
186d43eda4281b35d7ec9f608a4645f6.jpg,1,152
862a10c1124656f9d79f11d9e984cad7.jpg,1,152
88974c8e2b54094555b7a28736e06eaa.jpg,1,152
198c25730a0b394d2503093711ab1db5.jpg,1,152
ded476c9ddf1bba40204e892ccbdca8f.jpg,1,152
b71458d10295f4cf203527818ae9857b.jpg,1,152
4ce2e4ab09bb054b1316325e5ceed1f0.jpg,1,152
c91fd2cea22227318e876dcb8bdc6f35.jpg,0,516
fe6473fa510788515f311ce9c31ad6cb.jpg,0,516
9caf773d77ad5f527c551c681bad4cd2.jpg,0,516
1345be3d5348afa89ccba2696b62d6bb.jpg,1,516
ddf30454122fce0cd972a73012a66db9.jpg,1,516
e083fe793b777ac0464b932ec2ff0634.jpg,1,516
06767e3c779aa3803f285507ca59d7a5.jpg,1,516
a9f3f6a0e7f18c08e26950dd6950c804.jpg,1,516
1582075fbae7c6b79c9e07088b3e0775.jpg,1,516
d21cf3f563414e33d755125b90dd0c38.jpg,1,516
e5338f83c574e83c7c74fa34528ac6eb.jpg,1,516
d9dc78c7e3d6d687866aee2292aa31d1.jpg,1,516
acc836e19dca5632191f8c39b0e8224b.jpg,1,516
d8b122de1ebe9ae06f8d919a29686f04.jpg,1,516
938c4f720aafced3b6d4e9975750eb2d.jpg,1,516
a713ae050022277c1c62b0d3a00ce0ba.jpg,1,516
457d5fcb931ab78d210774ec83d176f1.jpg,1,516
ea0ef9d3b5fdcb7a8a87be46c4aae2b5.jpg,0,699
4dfb05046195984ddeae6ff7625b654c.jpg,0,699
7e94ebbb28cc14fcbf811c0dc2ed6570.jpg,0,699
a6ab1d7a84f450f75217a7dfb600baf9.jpg,0,699
c974679d652786bf2915a350757b6f7a.jpg,0,699
23131f902cd264d387a175df9901c14f.jpg,0,699
c5f2389fe7ab9e42d851056e15872746.jpg,0,699
affaad14897f65c13061f3c7cec04d3e.jpg,1,699
9cacfa201d95b3a92fb6bae575a4e6d0.jpg,1,699
c8e1c0f8bed7de488bd22e99011cf337.jpg,1,699
5fa5ec25aaaf52870192ff9de19aed0d.jpg,1,699
0250425d98ac39b97ce57fcdfec77a86.jpg,1,699
b5d2047a6c6d208ec6851c47ee1cbccc.jpg,1,699
503c1f882b3f6388f5aa5da3b7b0b58a.jpg,1,699
3f18c833e91674131458c50cfe1c8681.jpg,1,699
48c702e2f596040f0782e433257767ae.jpg,1,699
c8d7993f2fb828ea36dc5df932b12137.jpg,1,699
ee5cff020181e85343a2b04c3aa2b992.jpg,0,647
e397e617f12aedf0bc0f83149e72747c.jpg,0,647
e301203febee92dbcdd86c897d7cf2fb.jpg,0,647
0562a7b2a1a7dc7f6a8ce6ecedcca1a5.jpg,0,647
e1ac997b03be6e4e78aace399e8a3036.jpg,0,647
cf48d66a8d8bb46229878ae3de71e76f.jpg,0,647
1132cd46b2318a0aca8c61e6d7db3c1f.jpg,0,647
a772298391fbfd329ccd3fa70f6f4402.jpg,0,647
07d277844d85180bc135f04fb1e745b1.jpg,0,647
c821c6d63ab61675a3b84c83b2ebca03.jpg,1,647
d4b9b344bc336424cd47bd4779403e43.jpg,1,647
4e418cd1ba7c95797a7e0434feed9ec3.jpg,1,647
03d417070bdf86370a4904b9339b9a4b.jpg,1,647
5aadafa2b30f8df75f17fcb449170938.jpg,1,647
94b920a757fe453297c5797c00147b21.jpg,1,647
8812e4b2d54953b18ccb39bbd0abb477.jpg,1,647
d813ef79f3afa84d2b4d3969df5360e9.jpg,1,647
8c70268e00112d2842c2eea528db89cd.jpg,1,647
8ab426ef339d349db58f167bebaf4794.jpg,1,647
1dda40f32b710e7a901a7c60192d663a.jpg,1,647
38019c12ff8002f199e688da60564f7a.jpg,1,647
1bccd1ea1da95374d490f4caf02fa7b1.jpg,0,261
7d821b290d3b27d15dafb030e176b4db.jpg,0,261
789d99261395628c5a3f29ae4120292d.jpg,0,261
f1e49d9666c462338cbe6a4bfddbb44a.jpg,0,261
ed292ccc178188c8a55b66d725052c91.jpg,1,261
2e8f7a482efa2c6d4f3e47dd7902ed0a.jpg,1,261
0c9d5378a2891cd97110966e6bfd6c1f.jpg,1,261
122b288205dca092732e3c4f178522ae.jpg,1,261
9f4f07b714a5968efcb22ecc3e0c8aec.jpg,1,261
8197f876588fbe6709bf57dd2ebbb5ae.jpg,1,261
99ea05db0c522f796fed9cb7bbd5a47a.jpg,1,261
5b988d06ac54ca2df5d9ee5289ad0ac9.jpg,1,261
487075a398e2e1a8aaeaa443f4fef677.jpg,1,261
0113021376e12205d9797484971d387f.jpg,0,780
ef10a1caf03d6a9e88e3c5a02e80a00b.jpg,0,780
793636fd6df4753898aa25847d49f791.jpg,0,780
0c11f02b67d67b74193a5188cbbc01fc.jpg,0,780
5c59b673f0741d5877389a04e9812db3.jpg,0,780
682b73c9cb896c4ee119295c7e762d81.jpg,1,780
5186aca0cd60b61221ddfd4b952ffb7b.jpg,1,780
f720d8fcf08be434c1faa8999fdabd92.jpg,1,780
bc6ce8cefbab1792114a7751dd237ecb.jpg,1,780
5f687e7127512ab935a1ab03ab2cb3c0.jpg,1,780
755c418f010ab79911718d05951feea3.jpg,1,780
aefd1cade7c9a80b0d59e7e03269d4b8.jpg,1,780
0a996b1eba7c5a05bee3cc959499ce51.jpg,1,780
54c3fc85e4a13f1e8bb1d84f7e2416b1.jpg,1,780
b02ae61b9a71c399d78b6ae1a5da6991.jpg,1,780
1cda37b320bb8df9ab2a0dba461e2f19.jpg,1,780
08c78f3d635b9cac79fcf760a7f53575.jpg,1,780
e523064d93e2ee5ef9977fd132b7ee0e.jpg,1,780
c3430fbffde463e5fb35ef35e6673bf9.jpg,1,780
2ff1458e6725cd1c7feb5198d50c5798.jpg,1,780
c85061d839d4533e7ca509c8c251ed05.jpg,1,780
94c9511fa01e3961a63d01fe367b2d21.jpg,1,780
f819e78555923904bc5cd4c43e4a6308.jpg,1,780
b378206645b764130ea6c60c3ea5195c.jpg,1,780
89df5c0537b9163d4cac267ee20ae160.jpg,1,780
7e72b85a631ba7e4cd3ace3b5b4ba3f9.jpg,0,925
49eded020789367ad71db3d632d06a74.jpg,0,925
11f17cf0555e6fa794018adfcc005df1.jpg,0,925
f21da38c1802d9c4ef4f512a322db6fe.jpg,0,925
cf58de0505879a422b812b523c1f83b5.jpg,0,925
52ffca16fadfee4ccd3c18f61c032d5f.jpg,0,925
25b02b13e7fdf29c1a3ecfec59b11827.jpg,0,925
78ad5ded60cf511123ebc8cc04454543.jpg,0,925
4927fc1ee02fcd75b353f524d1eeabc1.jpg,0,925
ea6ca3a13fbc16cab5c2010a85bf0ecc.jpg,0,925
efe0f049518b280f4d13515d8efdf53a.jpg,0,925
31189bed569f28a16d5d3dc22362a798.jpg,0,925
ce6be4d29a28485a4dc4d44e3b04516a.jpg,0,925
90c66e0cedc661e1f0f6786a5f3b4199.jpg,0,925
c64732fa1f0e7259c2c70249b1824ca1.jpg,0,925
0a2e1641f44d1b2c0ff543c915367a2e.jpg,0,925
e1db01ce4d89408ecc9c6c7559812782.jpg,0,925
abc9ea588882a52bff7ae71d627066e0.jpg,0,925
e1462b8f46150ff51acbf84c5929226f.jpg,0,925
7cad4c12582fa9532322c644d7322af7.jpg,0,925
c0d3bc01f570cbe22b7535080e8145b4.jpg,0,925
f6d0359577fb91ee9ed6fef255567f42.jpg,0,925
db047027f9f0ae75b678d0748a7194d0.jpg,0,925
ebc4dd6cbe60160d5654a076ab279c82.jpg,0,925
937bb05e41ca2c9cc3eed327a4949683.jpg,0,925
5776e7783e43a1c50f48e737aa125272.jpg,0,925
6583aefc252ab0df6bbf8810e15ef4e4.jpg,0,925
d6e6576c5eace30d1f14c2bee89aac0f.jpg,0,925
aeb4fb997ac6199cc520c20ae8e2b1ef.jpg,0,925
ca7f2f0f009b74de594e363a48681611.jpg,0,925
d71ea8094723ad8e1dac45ca805f0887.jpg,0,925
e21bbd9b6a996cdead23068a6af46a68.jpg,0,925
5461cebcb7821f975ec3a777668fecf3.jpg,0,925
510cb98b50baa933039677b7591fe12f.jpg,0,925
09187ef4052d39c8405e6aa1baf3f75c.jpg,0,925
4b2b1d0c0440d7dfa8e3b60343303774.jpg,0,925
13b0a45f77715facadabe7ce2cfdbb0d.jpg,0,925
7dfca9c18e04c10a567c8a687b3fcb17.jpg,0,925
90d618297dbe072db00e3d7d11c25ebb.jpg,0,925
46720cca17e6b974fd4f20d6a955a007.jpg,0,925
c03d7ada34a7b08caa5ab1ac27bc510f.jpg,0,925
97ee9f671f51b4c00056044c18e035aa.jpg,0,925
9be2f428153b872f9e461dcb2b7041d9.jpg,0,925
57ace09f7a0e7a0896bf8828cc69b86d.jpg,0,925
16afe7eb092e53cb694c45a8d91573c0.jpg,0,925
c49456e90886884438d2ca488978fc27.jpg,0,925
5aa2710dd3919e41efe2348c90b138ec.jpg,0,925
bb29381e84dbc92418d1ba540047b9aa.jpg,0,925
8e9670b265ecbf94f4a6b57f930187bd.jpg,0,925
7b2e53e6073dff00cffb09a1207c7eb4.jpg,0,925
7133d006acb0dc55ffd485cad1b6825d.jpg,0,925
e182fde402f86d918035d401cde49a18.jpg,0,925
986b956d88b3711461a800f1e3f62ea0.jpg,0,925
38a32e63cd5901eb4f348b835df45d5b.jpg,0,925
3e642cad4996666555893f9231a92c18.jpg,1,925
4d7bb03eecdd45efffce5b7ca032231f.jpg,1,925
bacae1ed7c353ff27872f7d5994bfaa0.jpg,1,925
34617bc272f1be53699b0c2d1346a3fd.jpg,1,925
1c4242342b343f1b2005795023798174.jpg,1,925
f72496203ba3cbdc0c724cf081610cc6.jpg,1,925
a29be4dab738a92b960fbc850a5a251f.jpg,1,925
3e8b4e8898173ec111144c9799b12e56.jpg,1,925
375dd7070fda5110a989ca730d2f38cf.jpg,1,925
29ae4047685f8b3734c43481dc2e59f6.jpg,1,925
be45e506f3baf21177cfd72f790c069c.jpg,1,925
715eb5d6cdefc65dc1c411e03ed9a0e2.jpg,1,925
987549e51fdca2772ef90196f0c7c79e.jpg,1,925
1ffca1d4e08189b89bf13319ec3a5d60.jpg,1,925
042953c0b0432a3ef02acb773e11430d.jpg,0,236
d4ac8c35e820b9f35a663057599bc06c.jpg,0,236
6d645f018076c40a9e1a1a9d03948d4e.jpg,0,236
dc265078ccbb39fdbcb424ba8f488b89.jpg,0,236
8b902b2f7a1400692609975f92d06a98.jpg,0,236
c477eb9893433580b6081d2d3e7c22c2.jpg,0,236
ff7de9bf6acd3da5b2c4bcf8d2ef5645.jpg,1,236
82a98e172f01c6af27d64bf5fc5ab81c.jpg,1,236
458ec6383fb7f093bc4a035fab67a200.jpg,1,236
58674e6643ffd34ff7c231da6adb9182.jpg,1,236
4e9db2fd41638b3a3011e982ae44d28a.jpg,1,236
c48fc8b83bd7aa89bbd59d399c8e1423.jpg,1,236
deb24f02b8b69ce4c3c8846e07dacb9f.jpg,1,236
411ed1e2af290ee80d5ab4243298f5bc.jpg,1,236
ffad7378a3b300c584e9c06f1eadb371.jpg,1,236
647aca047fca19803b4a6290095b0ad7.jpg,1,236
07aa32f7f4aae82d3729b5ac8f5239a1.jpg,0,972
c7216c37b63039b44b6d1814dde0cf73.jpg,0,972
4b84b82c8c18da53d8d6307bb6505d60.jpg,0,972
ffee87703cceecb9b2978a7dfdcbf37c.jpg,0,972
f77ce63c9e5dac864fea17105c96d343.jpg,0,972
13ce742468b352b0a0b8fc32acc2b819.jpg,0,972
634fe2673dde0ad7e577f2b25e573abb.jpg,1,972
6d38fe56b714ee7c4226c12c9f01fb17.jpg,1,972
55651b74a1f7857d6a8cfcd769f1717a.jpg,1,972
c513fda00ae75953c77791e8a2c2a2f2.jpg,1,972
486ac011b2c948d4ac9ac0346416d7c4.jpg,1,972
43a1e7d74ef48e5ca43f7154005c8e94.jpg,1,972
deb370a24ccbd1704a0d34ec5275fa5c.jpg,1,972
1b1a68952ca560da06a6ba4afcbbf799.jpg,1,972
4ae9a13414ea0e9d9e523643f8aec55f.jpg,1,972
b56674cf1a24ad800f1669451819e395.jpg,1,972
e36962809383d916975c9a19f4c5a243.jpg,1,972
0af4b845d53588a16a9e0d8a91d18eb0.jpg,1,972
1134d98ab773efae5ce1221d884c0c31.jpg,1,972
621623e3f00ad410cd0c78062b27705c.jpg,1,972
040610c8a5a326193b77477ac6ad2256.jpg,1,972
87e91e7c3c48da04074df12119b07e1a.jpg,1,972
9a624c29273664ca73e5196ef36e62e8.jpg,1,972
a7d05202474562efe00fc333ed8f6928.jpg,1,972
202b3062c397bae1b69fbc21d0ec6324.jpg,1,972
66e68eaa3662e269faffb467e45fc67f.jpg,1,972
c826192fcabc4746b5c8dfc3c052de16.jpg,0,543
b6915b0fc67282ba52f001166da66db7.jpg,0,543
d353ca0ad1ddf853f292724828fbde95.jpg,0,543
b34866c89cf58342747e7bb3d9c6048d.jpg,0,543
9561a11fb9b1cb2fc63984a533898ae5.jpg,0,543
7a2bbd75e87cd7ef17368d667e1ac29a.jpg,0,543
a3b4035d22a0cf3f5c65f5619eae7724.jpg,0,543
07005e9aa3154c3d31445087200e6fe3.jpg,0,543
5d889f2d9fae24f871da7a8d67c04f58.jpg,0,543
56948ff3b674013b11689cdf22aa6945.jpg,0,543
75d09ba77338f1c1d08422e82c153f67.jpg,0,543
34bfe67f7f488bc9a115c8f44087aef9.jpg,0,543
4112c34e2af913868e08be7034e41056.jpg,0,543
fd59cc06f05232fc70d42c53d36d4eb7.jpg,1,543
efacdb5dfc7b9627d50a2e422e9d7ed7.jpg,1,543
e17399caefcf485f70727553be6f3419.jpg,1,543
b0d6efb5f3ae455b8905299d843abf8d.jpg,1,543
3ad68e88f3f2ac56045a0e68d189cc38.jpg,1,543
0ed9c011d7e18cf16b247823bca4083a.jpg,1,543
4585157fc94c936ef9fab6c2e1930300.jpg,1,543
7463aab1195ccf8683ac49dc3fd8dfa5.jpg,1,543
c5c51b66b7223d7f6f4a1e0b58236256.jpg,1,543
44362f4181de8818443291a91b2c52ec.jpg,1,543
7a005daaf5eaa3b2ccc643ed3c478792.jpg,1,543
bc912d32a782f80fd83761cc1839277e.jpg,1,543
a113a2166631312ee324e6ba604ba110.jpg,1,543
a12a332a85d7cf737e3886f67357f4cb.jpg,1,543
040d73040b3b3dded9026a89a4f4031d.jpg,1,543
95731985836b99b57363c1e3dd20f719.jpg,0,454
6c2bde04efd4e9e23662db6ed09db893.jpg,0,454
149dae07248db1a09f904124a6cb2133.jpg,0,454
146a4eacd64f860814f96f37f32f0cd3.jpg,0,454
2346e6298def1f5c3601c78f2fd3a620.jpg,0,454
1d2e317079583514a529b52206d67add.jpg,1,454
63e46216f2551d35861721e14fc5217d.jpg,1,454
86791031737bda543414b79122205379.jpg,1,454
19c10ae32da93d7a4c77eb852abef3bf.jpg,1,454
d7028a786c8660fb4811aa56b002ff90.jpg,1,454
1a1aa9555e9810e7377d9e6fabbe8435.jpg,1,454
6517fd4cd0a68707f7985a12bad30cec.jpg,1,454
ae3ca8ae2b8cfb7bfb27faa01588b4ba.jpg,1,454
50d783a82652b4cec86b51b031f17f3e.jpg,1,454
9c4c286fb868cba52a1995ebed5f9590.jpg,0,991
57fc103142a806a0476ffee95e9fa40c.jpg,0,991
ee4d7f16b1cd8d8be01ac9b46eca6f83.jpg,0,991
9834a0632f8ae54fb72e1ece8385cfd8.jpg,0,991
70c4f94b7d649e24a909c5710e581448.jpg,0,991
d81798f449411219ae622eda88ea81f3.jpg,0,991
c57c32412120e87165b5ad564695ea21.jpg,0,991
ebfa176bf13c20547dceb9e4fca4e79b.jpg,0,991
48ed9b6e72302c587a77adceb3bd0e9b.jpg,0,991
2a5d202e8728a68c66ac6b02b182cb33.jpg,0,991
9925c9a34888dece8c869babc7cff380.jpg,0,991
2f5bdc042ee8f2c29a4cff7eb2803767.jpg,0,991
c349f4349d99f3a427634bf86ea19079.jpg,0,991
f86e0ef896d6de4a7f5740779eff3702.jpg,0,991
189f055c92653d83079092b6ea0b921d.jpg,0,991
dcb92a4ce3f5e6d60f4527fd76ef8fbd.jpg,0,991
c3b61f7da7d9fc85bc16fa6ac88a5377.jpg,0,991
3115bd7fe54febc1779a2b37e3b613da.jpg,0,991
d0d82c186e4d8161d902dce1e4c27fb3.jpg,0,991
a6433be0c60dea82c783d9dd8cc647f9.jpg,0,991
f1623d74928e350c834485cef2a1525a.jpg,0,991
d75e94e13e30dc627d9f1e52d83c4e28.jpg,0,991
9d1ccd853baadddf8804302756a26b64.jpg,0,991
ceebd809cb83cc55d5891919752b396b.jpg,0,991
f2624625959738fb8f53208c133e5f62.jpg,0,991
aed5adf7340ad01ffc60c98b3af9a7b3.jpg,0,991
571d9b43f746bcc18e775e37f1bae473.jpg,0,991
f6808ac7584bbc594662c5e38187f860.jpg,0,991
2d9215f76aca4a964ff69634276b1c9e.jpg,0,991
2c88a78ef36dc3a5ab9b37e152c454b7.jpg,0,991
1b3466f835b7350313b7c08f7a5b38f3.jpg,0,991
118b4f74e8fb0168d5d92f70fc73d864.jpg,0,991
4fc65c46560424de899a4f7f661f780a.jpg,0,991
e9d8966ea085256acf56515d17c63d13.jpg,0,991
40aa03b295ad9f7101a7f71e11368086.jpg,0,991
9698a0b981adc1bf25dd7ed7ea2e7204.jpg,0,991
51df669fd2cdbf4fd28f42d42ec70db7.jpg,1,991
f0b41e41e0147f6b377f9401ce8700b9.jpg,1,991
91210d2297c6c29687e68e8078af3eb8.jpg,1,991
f8071271ddfad171abc6355961462787.jpg,1,991
33a56db9d2c7d1c4b540cc62de96937e.jpg,1,991
912b969effbf2ef240f58a0a052d7812.jpg,1,991
2d142d285fc1d0ef5ae4657fe1bfd0e3.jpg,1,991
9f4a09b8ed1934d291461422f0487794.jpg,1,991
ecff210391656493045d079e630ce163.jpg,1,991
3cd893c93e475f869f8de4ba4b182868.jpg,1,991
633f439f97335b5f98b7db91973f570b.jpg,1,991
4dfc4d6454cad23f0353018d86b74bc3.jpg,1,991
9ca466fe18700f2123c9e76729645a2d.jpg,1,991
758d0d54f17762a40c29eb5e47d47ddc.jpg,1,991
babb1ff6205381b8481e8eb979300188.jpg,1,991
d0c176896dfdae40741aa9c66f8a6d5f.jpg,1,991
1bd47722e287a7d5770ac95d83d55156.jpg,1,991
dd4c022d9543814048cd0820f3358714.jpg,1,991
daa0cfc66eca18e8ef95a1835d6a05ec.jpg,1,991
4f751b0f0b329b57d14b7e0cf1c7a658.jpg,1,991
12aef5af88ee52334f707af9397d3948.jpg,0,192
0e1846b4250eed48f72440527560f302.jpg,0,192
b452c09e0ebd462cd16bd33eff0a847a.jpg,0,192
34f990736d18a84d4e9b8ea4ddd89c0b.jpg,0,192
b5471768da2cae1aafafab381b2dd7a0.jpg,0,192
8d486427747f4c1230005bf65db0ef60.jpg,0,192
a1df401898c710edb840eac04dcabd65.jpg,0,192
1d84d0bf601541fe3d1b025c16a841b0.jpg,1,192
c5fbfe0a643ecada06808b44197a60cc.jpg,1,192
8e99471a01bacc9ef4da4c1b2a0b3bac.jpg,1,192
e2690554f9480ff4d06c87c3d4aec6ff.jpg,1,192
2870a5030cbbb22998702e11d844d2cc.jpg,1,192
152a548e9244438b4633a699a440650c.jpg,1,192
02d0e20a836bb68b84fd8523ba1054fc.jpg,1,192
24823e3c0b8daa05f04fe2b542b8a1fb.jpg,1,192
ca6cffde37b699aeb3fa40725633a677.jpg,1,192
9aa7bf5ab960797c975dc181d69a3a1d.jpg,1,192
76b89003b483e977ebce79d84707b03a.jpg,1,192
fd2a9e99af4a298bfdbda12f41a6e2d3.jpg,0,583
7918e249b1dc9b75edc0d30be5121bf2.jpg,0,583
a962ae6df210699300f455b0def74ae2.jpg,0,583
cd6e33b7c3a2cc55f2de2bd77bd06983.jpg,0,583
19dcf927e4e71e2e1b5868d4ade7134b.jpg,0,583
b45f64d63332405fd6e74ce97d45a8d0.jpg,0,583
cc797ef616e2e428a291a932c1d20d62.jpg,0,583
2caa2c075da7ff449f1eb5983d62f6b2.jpg,0,583
a63e7df98888c3c7eb78254991b4a094.jpg,0,583
e3410127f708e9c91476b74d42020c40.jpg,0,583
401d078838ec8554714168b771a2ba23.jpg,0,583
1900e6b41d1b6c538fb82150cbae9e40.jpg,0,583
23f518e96fde5ebb4c81172844604a0d.jpg,0,583
1529315298fe222d06087f6d02d97ee8.jpg,0,583
352e70ba6e53fca4c4a6cdbbdcec2938.jpg,0,583
eae5005afa46088c79c4939df4c3d54e.jpg,0,583
adfbc3fee720956cfba36023efae3544.jpg,1,583
07d6be137aed077ca06d4fe49d3f8913.jpg,1,583
4db68f66cc744056b6b176b7265cf6fc.jpg,1,583
ddf00470de9f8f29ae8309d3baea935c.jpg,1,583
80a07d74ac316cd7f20872a4b8e5e582.jpg,1,583
5306fd6ef9bb64dfd187980311a305f8.jpg,1,583
10b20a0981d1b06a0339b4d1bb6945f1.jpg,1,583
b71368b9eab4890b93441ba4ad8f4265.jpg,1,583
4c7cbd105de6055c115ffac3c2c5b528.jpg,1,583
a72ee8a1279263226749cdde72186690.jpg,1,583
2f4b5cc542d2c991685934c1a23b7867.jpg,1,583
01b142ce29a27bbf389eaf3348fa2b79.jpg,1,583
c1c7865e7807b7135cbd377b7778c9d5.jpg,1,583
b15eab578de5dea4f1f4422d19297e77.jpg,1,583
7f244f20597285f249b7518187aa886a.jpg,1,583
70021bbf5c596445ce89b95d60397dd3.jpg,0,116
859385830cca69fb33d5f416209d8d23.jpg,0,116
b184d077905f3b3876e8b82f8ccd3850.jpg,0,116
a1a9c1aa05ad5f9450a194267c58ef19.jpg,0,116
1a36286f0f94fc1db2eda816d0994ae9.jpg,0,116
9c93952616cdcfc8688c296d31d5b6d3.jpg,0,116
64b21da3db88846b82519a5974ff44af.jpg,0,116
4924837d95ab28e810e70d6e620640b9.jpg,0,116
c3e8f90963afd0fa4830385da6db7e0e.jpg,0,116
566405e0f340b033bb0e8f2aa73df167.jpg,0,116
d90b9c27c58e4ccb5b75d1b413f3d098.jpg,0,116
d21e628ce0a023d22306f072c67e21a9.jpg,0,116
e22a4ce46a725b8f06466937e962ac57.jpg,0,116
17a22de5680a9e45823052ece0f56d44.jpg,0,116
3590852c51798616da3ac24c8763c1cd.jpg,0,116
549fbd61431b32d541b48443b469e5d8.jpg,0,116
14f578ca23611cbbb2dd9c332e7964c4.jpg,0,116
f4ccc4ff2c625773b6972c3e13f71a14.jpg,0,116
175f698509978a7dd67545865b972bea.jpg,1,116
ee967a1fc014f5ae2164c1c1fe3199e4.jpg,1,116
92b1a99654e1ce0caccf38f687c2d637.jpg,1,116
fdae3491dc75de52083bb20461fe46d7.jpg,1,116
a2a10f31121a881c12cf54317d1f157d.jpg,1,116
b999827ecb45908a27ad5e305d9a29d5.jpg,1,116
d10027f8fb90628c92d1b74874299fc6.jpg,1,116
7be154b118d96f64ab93d236c171389e.jpg,1,116
1bc12244f50f67b20ecd264709533279.jpg,1,116
df96e84bae601b5a71895fece3e177d1.jpg,1,116
b09641fee3a6c3489367efb1ce0696b3.jpg,1,116
71838c41bfd30008a019f91adcf2a14c.jpg,1,116
1621c1974b4f30200bb53c1b474b4e0b.jpg,1,116
b930f7224accf1b09eaa17a18d9ca860.jpg,1,116
818096cb9839470f973a1959c18ef238.jpg,1,116
c4844ed3041ff5d1c82f528b7cf3fa2f.jpg,1,116
719f8decdd766dbdba01597d701fd2a2.jpg,1,116
e8070d02c0704a13e200817e350133cc.jpg,1,116
c53735e05bcf63e4c2851c621c621ae1.jpg,1,116
b199d520a6c2a6145f3ea1cbbc475c3f.jpg,1,116
6d96e7d57d4399d25dfeec5911e0e4bc.jpg,1,116
60869f40163a137323c73ac0f09a2f42.jpg,1,116
5f6b437de415d2b15227d24dbfd9cd5f.jpg,1,116
ea7eba4745a9aa70b42d4e56f00a085f.jpg,1,116
47592aded8fb72a405775eb9b141594e.jpg,1,116
7b51306982e4d2862b170e3d7db334d3.jpg,0,312
845b5a6d72fec8c1d0cb1bb22be9273e.jpg,0,312
b41019ada7dcd98e732b8aa884ac5099.jpg,0,312
f3ce96d880263b88242151347fd3a113.jpg,0,312
156daec0e67697c7b8bff2393f4f5a01.jpg,0,312
626e7230b8e6b74927d85fd71d733c4e.jpg,1,312
55410a65eb9e36a6e471f0d9d11bd727.jpg,1,312
794d5dd739e311345f863229b163801f.jpg,1,312
e842b837087ae5337c438b6bcd89c55a.jpg,1,312
6aeafb40cf9f6a4c19056dd70a2bceeb.jpg,1,312
0a43c73ae5c7e8df5e75cc675df677f1.jpg,1,312
eb4870a5ca24747389a1b0bcdc57ac4d.jpg,1,312
b5c3d3ecd3555ab0a55c9d322188258d.jpg,1,312
d3ed6d5aa51ee60d7b56ecdef90c163c.jpg,1,312
a0aacd24691bc8f0ba5d54058f5c7dc7.jpg,1,312
03b2b4a327aac25a0baa8b61d44d17ae.jpg,0,406
d788e937201c7c8b85845a6c82e2bca2.jpg,0,406
5b3000c1fdaf646dd2f52e4d7ee2c2e4.jpg,0,406
12c4d58e75e01e6ddbcfd3ab7a687572.jpg,0,406
a5eaad68ca2cf6e3019cb821f9f6ac5e.jpg,0,406
b1138f55d1c0880361694e02cf974b5b.jpg,1,406
2d45767e7b2d84578c228bbaf59e720b.jpg,1,406
988301dd524f3a65b890d90f5cbc4183.jpg,1,406
a0ee5dd2cccf38fcc3861b381a5033d4.jpg,1,406
8f27403412c44a3cd8b1296bb39b1b0f.jpg,1,406
68dae1ae5b07d64a055b7591327b9ff4.jpg,1,406
9adedee7cf42a037b9966ace73c7a7df.jpg,1,406
b64581ee0bcbb2648e8a93340a5acf55.jpg,1,406
47f7189dc401c1479b0f7665cc82ab20.jpg,1,406
788c3ae50b002fb46ec99d8148c30ede.jpg,1,406